kode_bps,nama_wilayah,tahun,triwulan,tipe_pelayanan,nama_penyakit,kode_icd10,jumlah_pasien,status_kasus,sumber_data,coverage_periode
3501,Kabupaten Pacitan,2024,Q1,rawat_jalan,Infeksi Saluran Pernapasan Akut (ISPA),J06,954,menular,Dinas Kesehatan Provinsi Jawa Timur,2024-OFFICIAL
3501,Kabupaten Pacitan,2024,Q1,rawat_inap,Demam Berdarah Dengue (DBD),A90,244,menular,Dinas Kesehatan Provinsi Jawa Timur,2024-OFFICIAL
3501,Kabupaten Pacitan,2024,Q1,rawat_inap,Tuberkulosis Paru (TB),A15,135,menular,Dinas Kesehatan Provinsi Jawa Timur,2024-OFFICIAL
3501,Kabupaten Pacitan,2024,Q1,rawat_jalan,Diare dan Gastroenteritis,A09,299,menular,Dinas Kesehatan Provinsi Jawa Timur,2024-OFFICIAL
3501,Kabupaten Pacitan,2024,Q1,rawat_jalan,Hipertensi Esensial,I10,803,tidak_menular,Dinas Kesehatan Provinsi Jawa Timur,2024-OFFICIAL
3501,Kabupaten Pacitan,2024,Q1,rawat_jalan,Diabetes Melitus Tipe 2,E11,654,tidak_menular,Dinas Kesehatan Provinsi Jawa Timur,2024-OFFICIAL
3501,Kabupaten Pacitan,2024,Q1,rawat_inap,Pneumonia,J18,121,menular,Dinas Kesehatan Provinsi Jawa Timur,2024-OFFICIAL
3501,Kabupaten Pacitan,2024,Q1,rawat_jalan,Demam Tifoid,A01,253,menular,Dinas Kesehatan Provinsi Jawa Timur,2024-OFFICIAL
3501,Kabupaten Pacitan,2024,Q1,rawat_inap,Penyakit Jantung Iskemik,I25,89,tidak_menular,Dinas Kesehatan Provinsi Jawa Timur,2024-OFFICIAL
3501,Kabupaten Pacitan,2024,Q1,rawat_jalan,Gastritis dan Duodenitis,K29,355,tidak_menular,Dinas Kesehatan Provinsi Jawa Timur,2024-OFFICIAL
3501,Kabupaten Pacitan,2024,Q2,rawat_jalan,Infeksi Saluran Pernapasan Akut (ISPA),J06,579,menular,Dinas Kesehatan Provinsi Jawa Timur,2024-OFFICIAL
3501,Kabupaten Pacitan,2024,Q2,rawat_inap,Demam Berdarah Dengue (DBD),A90,207,menular,Dinas Kesehatan Provinsi Jawa Timur,2024-OFFICIAL
3501,Kabupaten Pacitan,2024,Q2,rawat_inap,Tuberkulosis Paru (TB),A15,174,menular,Dinas Kesehatan Provinsi Jawa Timur,2024-OFFICIAL
3501,Kabupaten Pacitan,2024,Q2,rawat_jalan,Diare dan Gastroenteritis,A09,555,menular,Dinas Kesehatan Provinsi Jawa Timur,2024-OFFICIAL
3501,Kabupaten Pacitan,2024,Q2,rawat_jalan,Hipertensi Esensial,I10,709,tidak_menular,Dinas Kesehatan Provinsi Jawa Timur,2024-OFFICIAL
3501,Kabupaten Pacitan,2024,Q2,rawat_jalan,Diabetes Melitus Tipe 2,E11,612,tidak_menular,Dinas Kesehatan Provinsi Jawa Timur,2024-OFFICIAL
3501,Kabupaten Pacitan,2024,Q2,rawat_inap,Pneumonia,J18,108,menular,Dinas Kesehatan Provinsi Jawa Timur,2024-OFFICIAL
3501,Kabupaten Pacitan,2024,Q2,rawat_jalan,Demam Tifoid,A01,132,menular,Dinas Kesehatan Provinsi Jawa Timur,2024-OFFICIAL
3501,Kabupaten Pacitan,2024,Q2,rawat_inap,Penyakit Jantung Iskemik,I25,160,tidak_menular,Dinas Kesehatan Provinsi Jawa Timur,2024-OFFICIAL
3501,Kabupaten Pacitan,2024,Q2,rawat_jalan,Gastritis dan Duodenitis,K29,413,tidak_menular,Dinas Kesehatan Provinsi Jawa Timur,2024-OFFICIAL
3501,Kabupaten Pacitan,2024,Q3,rawat_jalan,Infeksi Saluran Pernapasan Akut (ISPA),J06,917,menular,Dinas Kesehatan Provinsi Jawa Timur,2024-OFFICIAL
3501,Kabupaten Pacitan,2024,Q3,rawat_inap,Demam Berdarah Dengue (DBD),A90,92,menular,Dinas Kesehatan Provinsi Jawa Timur,2024-OFFICIAL
3501,Kabupaten Pacitan,2024,Q3,rawat_inap,Tuberkulosis Paru (TB),A15,103,menular,Dinas Kesehatan Provinsi Jawa Timur,2024-OFFICIAL
3501,Kabupaten Pacitan,2024,Q3,rawat_jalan,Diare dan Gastroenteritis,A09,321,menular,Dinas Kesehatan Provinsi Jawa Timur,2024-OFFICIAL
3501,Kabupaten Pacitan,2024,Q3,rawat_jalan,Hipertensi Esensial,I10,677,tidak_menular,Dinas Kesehatan Provinsi Jawa Timur,2024-OFFICIAL
3501,Kabupaten Pacitan,2024,Q3,rawat_jalan,Diabetes Melitus Tipe 2,E11,609,tidak_menular,Dinas Kesehatan Provinsi Jawa Timur,2024-OFFICIAL
3501,Kabupaten Pacitan,2024,Q3,rawat_inap,Pneumonia,J18,101,menular,Dinas Kesehatan Provinsi Jawa Timur,2024-OFFICIAL
3501,Kabupaten Pacitan,2024,Q3,rawat_jalan,Demam Tifoid,A01,118,menular,Dinas Kesehatan Provinsi Jawa Timur,2024-OFFICIAL
3501,Kabupaten Pacitan,2024,Q3,rawat_inap,Penyakit Jantung Iskemik,I25,233,tidak_menular,Dinas Kesehatan Provinsi Jawa Timur,2024-OFFICIAL
3501,Kabupaten Pacitan,2024,Q3,rawat_jalan,Gastritis dan Duodenitis,K29,460,tidak_menular,Dinas Kesehatan Provinsi Jawa Timur,2024-OFFICIAL
3501,Kabupaten Pacitan,2024,Q4,rawat_jalan,Infeksi Saluran Pernapasan Akut (ISPA),J06,958,menular,Dinas Kesehatan Provinsi Jawa Timur,2024-OFFICIAL
3501,Kabupaten Pacitan,2024,Q4,rawat_inap,Demam Berdarah Dengue (DBD),A90,93,menular,Dinas Kesehatan Provinsi Jawa Timur,2024-OFFICIAL
3501,Kabupaten Pacitan,2024,Q4,rawat_inap,Tuberkulosis Paru (TB),A15,106,menular,Dinas Kesehatan Provinsi Jawa Timur,2024-OFFICIAL
3501,Kabupaten Pacitan,2024,Q4,rawat_jalan,Diare dan Gastroenteritis,A09,291,menular,Dinas Kesehatan Provinsi Jawa Timur,2024-OFFICIAL
3501,Kabupaten Pacitan,2024,Q4,rawat_jalan,Hipertensi Esensial,I10,948,tidak_menular,Dinas Kesehatan Provinsi Jawa Timur,2024-OFFICIAL
3501,Kabupaten Pacitan,2024,Q4,rawat_jalan,Diabetes Melitus Tipe 2,E11,302,tidak_menular,Dinas Kesehatan Provinsi Jawa Timur,2024-OFFICIAL
3501,Kabupaten Pacitan,2024,Q4,rawat_inap,Pneumonia,J18,83,menular,Dinas Kesehatan Provinsi Jawa Timur,2024-OFFICIAL
3501,Kabupaten Pacitan,2024,Q4,rawat_jalan,Demam Tifoid,A01,147,menular,Dinas Kesehatan Provinsi Jawa Timur,2024-OFFICIAL
3501,Kabupaten Pacitan,2024,Q4,rawat_inap,Penyakit Jantung Iskemik,I25,215,tidak_menular,Dinas Kesehatan Provinsi Jawa Timur,2024-OFFICIAL
3501,Kabupaten Pacitan,2024,Q4,rawat_jalan,Gastritis dan Duodenitis,K29,255,tidak_menular,Dinas Kesehatan Provinsi Jawa Timur,2024-OFFICIAL
3502,Kabupaten Ponorogo,2024,Q1,rawat_jalan,Infeksi Saluran Pernapasan Akut (ISPA),J06,1891,menular,Dinas Kesehatan Provinsi Jawa Timur,2024-OFFICIAL
3502,Kabupaten Ponorogo,2024,Q1,rawat_inap,Demam Berdarah Dengue (DBD),A90,275,menular,Dinas Kesehatan Provinsi Jawa Timur,2024-OFFICIAL
3502,Kabupaten Ponorogo,2024,Q1,rawat_inap,Tuberkulosis Paru (TB),A15,312,menular,Dinas Kesehatan Provinsi Jawa Timur,2024-OFFICIAL
3502,Kabupaten Ponorogo,2024,Q1,rawat_jalan,Diare dan Gastroenteritis,A09,510,menular,Dinas Kesehatan Provinsi Jawa Timur,2024-OFFICIAL
3502,Kabupaten Ponorogo,2024,Q1,rawat_jalan,Hipertensi Esensial,I10,975,tidak_menular,Dinas Kesehatan Provinsi Jawa Timur,2024-OFFICIAL
3502,Kabupaten Ponorogo,2024,Q1,rawat_jalan,Diabetes Melitus Tipe 2,E11,1049,tidak_menular,Dinas Kesehatan Provinsi Jawa Timur,2024-OFFICIAL
3502,Kabupaten Ponorogo,2024,Q1,rawat_inap,Pneumonia,J18,333,menular,Dinas Kesehatan Provinsi Jawa Timur,2024-OFFICIAL
3502,Kabupaten Ponorogo,2024,Q1,rawat_jalan,Demam Tifoid,A01,260,menular,Dinas Kesehatan Provinsi Jawa Timur,2024-OFFICIAL
3502,Kabupaten Ponorogo,2024,Q1,rawat_inap,Penyakit Jantung Iskemik,I25,243,tidak_menular,Dinas Kesehatan Provinsi Jawa Timur,2024-OFFICIAL
3502,Kabupaten Ponorogo,2024,Q1,rawat_jalan,Gastritis dan Duodenitis,K29,364,tidak_menular,Dinas Kesehatan Provinsi Jawa Timur,2024-OFFICIAL
3502,Kabupaten Ponorogo,2024,Q2,rawat_jalan,Infeksi Saluran Pernapasan Akut (ISPA),J06,987,menular,Dinas Kesehatan Provinsi Jawa Timur,2024-OFFICIAL
3502,Kabupaten Ponorogo,2024,Q2,rawat_inap,Demam Berdarah Dengue (DBD),A90,308,menular,Dinas Kesehatan Provinsi Jawa Timur,2024-OFFICIAL
3502,Kabupaten Ponorogo,2024,Q2,rawat_inap,Tuberkulosis Paru (TB),A15,269,menular,Dinas Kesehatan Provinsi Jawa Timur,2024-OFFICIAL
3502,Kabupaten Ponorogo,2024,Q2,rawat_jalan,Diare dan Gastroenteritis,A09,765,menular,Dinas Kesehatan Provinsi Jawa Timur,2024-OFFICIAL
3502,Kabupaten Ponorogo,2024,Q2,rawat_jalan,Hipertensi Esensial,I10,1035,tidak_menular,Dinas Kesehatan Provinsi Jawa Timur,2024-OFFICIAL
3502,Kabupaten Ponorogo,2024,Q2,rawat_jalan,Diabetes Melitus Tipe 2,E11,543,tidak_menular,Dinas Kesehatan Provinsi Jawa Timur,2024-OFFICIAL
3502,Kabupaten Ponorogo,2024,Q2,rawat_inap,Pneumonia,J18,236,menular,Dinas Kesehatan Provinsi Jawa Timur,2024-OFFICIAL
3502,Kabupaten Ponorogo,2024,Q2,rawat_jalan,Demam Tifoid,A01,291,menular,Dinas Kesehatan Provinsi Jawa Timur,2024-OFFICIAL
3502,Kabupaten Ponorogo,2024,Q2,rawat_inap,Penyakit Jantung Iskemik,I25,242,tidak_menular,Dinas Kesehatan Provinsi Jawa Timur,2024-OFFICIAL
3502,Kabupaten Ponorogo,2024,Q2,rawat_jalan,Gastritis dan Duodenitis,K29,845,tidak_menular,Dinas Kesehatan Provinsi Jawa Timur,2024-OFFICIAL
3502,Kabupaten Ponorogo,2024,Q3,rawat_jalan,Infeksi Saluran Pernapasan Akut (ISPA),J06,1437,menular,Dinas Kesehatan Provinsi Jawa Timur,2024-OFFICIAL
3502,Kabupaten Ponorogo,2024,Q3,rawat_inap,Demam Berdarah Dengue (DBD),A90,149,menular,Dinas Kesehatan Provinsi Jawa Timur,2024-OFFICIAL
3502,Kabupaten Ponorogo,2024,Q3,rawat_inap,Tuberkulosis Paru (TB),A15,415,menular,Dinas Kesehatan Provinsi Jawa Timur,2024-OFFICIAL
3502,Kabupaten Ponorogo,2024,Q3,rawat_jalan,Diare dan Gastroenteritis,A09,1030,menular,Dinas Kesehatan Provinsi Jawa Timur,2024-OFFICIAL
3502,Kabupaten Ponorogo,2024,Q3,rawat_jalan,Hipertensi Esensial,I10,1078,tidak_menular,Dinas Kesehatan Provinsi Jawa Timur,2024-OFFICIAL
3502,Kabupaten Ponorogo,2024,Q3,rawat_jalan,Diabetes Melitus Tipe 2,E11,1131,tidak_menular,Dinas Kesehatan Provinsi Jawa Timur,2024-OFFICIAL
3502,Kabupaten Ponorogo,2024,Q3,rawat_inap,Pneumonia,J18,137,menular,Dinas Kesehatan Provinsi Jawa Timur,2024-OFFICIAL
3502,Kabupaten Ponorogo,2024,Q3,rawat_jalan,Demam Tifoid,A01,454,menular,Dinas Kesehatan Provinsi Jawa Timur,2024-OFFICIAL
3502,Kabupaten Ponorogo,2024,Q3,rawat_inap,Penyakit Jantung Iskemik,I25,191,tidak_menular,Dinas Kesehatan Provinsi Jawa Timur,2024-OFFICIAL
3502,Kabupaten Ponorogo,2024,Q3,rawat_jalan,Gastritis dan Duodenitis,K29,788,tidak_menular,Dinas Kesehatan Provinsi Jawa Timur,2024-OFFICIAL
3502,Kabupaten Ponorogo,2024,Q4,rawat_jalan,Infeksi Saluran Pernapasan Akut (ISPA),J06,1540,menular,Dinas Kesehatan Provinsi Jawa Timur,2024-OFFICIAL
3502,Kabupaten Ponorogo,2024,Q4,rawat_inap,Demam Berdarah Dengue (DBD),A90,555,menular,Dinas Kesehatan Provinsi Jawa Timur,2024-OFFICIAL
3502,Kabupaten Ponorogo,2024,Q4,rawat_inap,Tuberkulosis Paru (TB),A15,196,menular,Dinas Kesehatan Provinsi Jawa Timur,2024-OFFICIAL
3502,Kabupaten Ponorogo,2024,Q4,rawat_jalan,Diare dan Gastroenteritis,A09,819,menular,Dinas Kesehatan Provinsi Jawa Timur,2024-OFFICIAL
3502,Kabupaten Ponorogo,2024,Q4,rawat_jalan,Hipertensi Esensial,I10,1657,tidak_menular,Dinas Kesehatan Provinsi Jawa Timur,2024-OFFICIAL
3502,Kabupaten Ponorogo,2024,Q4,rawat_jalan,Diabetes Melitus Tipe 2,E11,522,tidak_menular,Dinas Kesehatan Provinsi Jawa Timur,2024-OFFICIAL
3502,Kabupaten Ponorogo,2024,Q4,rawat_inap,Pneumonia,J18,155,menular,Dinas Kesehatan Provinsi Jawa Timur,2024-OFFICIAL
3502,Kabupaten Ponorogo,2024,Q4,rawat_jalan,Demam Tifoid,A01,350,menular,Dinas Kesehatan Provinsi Jawa Timur,2024-OFFICIAL
3502,Kabupaten Ponorogo,2024,Q4,rawat_inap,Penyakit Jantung Iskemik,I25,181,tidak_menular,Dinas Kesehatan Provinsi Jawa Timur,2024-OFFICIAL
3502,Kabupaten Ponorogo,2024,Q4,rawat_jalan,Gastritis dan Duodenitis,K29,363,tidak_menular,Dinas Kesehatan Provinsi Jawa Timur,2024-OFFICIAL
3503,Kabupaten Trenggalek,2024,Q1,rawat_jalan,Infeksi Saluran Pernapasan Akut (ISPA),J06,601,menular,Dinas Kesehatan Provinsi Jawa Timur,2024-OFFICIAL
3503,Kabupaten Trenggalek,2024,Q1,rawat_inap,Demam Berdarah Dengue (DBD),A90,225,menular,Dinas Kesehatan Provinsi Jawa Timur,2024-OFFICIAL
3503,Kabupaten Trenggalek,2024,Q1,rawat_inap,Tuberkulosis Paru (TB),A15,240,menular,Dinas Kesehatan Provinsi Jawa Timur,2024-OFFICIAL
3503,Kabupaten Trenggalek,2024,Q1,rawat_jalan,Diare dan Gastroenteritis,A09,533,menular,Dinas Kesehatan Provinsi Jawa Timur,2024-OFFICIAL
3503,Kabupaten Trenggalek,2024,Q1,rawat_jalan,Hipertensi Esensial,I10,1003,tidak_menular,Dinas Kesehatan Provinsi Jawa Timur,2024-OFFICIAL
3503,Kabupaten Trenggalek,2024,Q1,rawat_jalan,Diabetes Melitus Tipe 2,E11,345,tidak_menular,Dinas Kesehatan Provinsi Jawa Timur,2024-OFFICIAL
3503,Kabupaten Trenggalek,2024,Q1,rawat_inap,Pneumonia,J18,105,menular,Dinas Kesehatan Provinsi Jawa Timur,2024-OFFICIAL
3503,Kabupaten Trenggalek,2024,Q1,rawat_jalan,Demam Tifoid,A01,271,menular,Dinas Kesehatan Provinsi Jawa Timur,2024-OFFICIAL
3503,Kabupaten Trenggalek,2024,Q1,rawat_inap,Penyakit Jantung Iskemik,I25,144,tidak_menular,Dinas Kesehatan Provinsi Jawa Timur,2024-OFFICIAL
3503,Kabupaten Trenggalek,2024,Q1,rawat_jalan,Gastritis dan Duodenitis,K29,262,tidak_menular,Dinas Kesehatan Provinsi Jawa Timur,2024-OFFICIAL
3503,Kabupaten Trenggalek,2024,Q2,rawat_jalan,Infeksi Saluran Pernapasan Akut (ISPA),J06,642,menular,Dinas Kesehatan Provinsi Jawa Timur,2024-OFFICIAL
3503,Kabupaten Trenggalek,2024,Q2,rawat_inap,Demam Berdarah Dengue (DBD),A90,325,menular,Dinas Kesehatan Provinsi Jawa Timur,2024-OFFICIAL
3503,Kabupaten Trenggalek,2024,Q2,rawat_inap,Tuberkulosis Paru (TB),A15,320,menular,Dinas Kesehatan Provinsi Jawa Timur,2024-OFFICIAL
3503,Kabupaten Trenggalek,2024,Q2,rawat_jalan,Diare dan Gastroenteritis,A09,549,menular,Dinas Kesehatan Provinsi Jawa Timur,2024-OFFICIAL
3503,Kabupaten Trenggalek,2024,Q2,rawat_jalan,Hipertensi Esensial,I10,519,tidak_menular,Dinas Kesehatan Provinsi Jawa Timur,2024-OFFICIAL
3503,Kabupaten Trenggalek,2024,Q2,rawat_jalan,Diabetes Melitus Tipe 2,E11,438,tidak_menular,Dinas Kesehatan Provinsi Jawa Timur,2024-OFFICIAL
3503,Kabupaten Trenggalek,2024,Q2,rawat_inap,Pneumonia,J18,203,menular,Dinas Kesehatan Provinsi Jawa Timur,2024-OFFICIAL
3503,Kabupaten Trenggalek,2024,Q2,rawat_jalan,Demam Tifoid,A01,321,menular,Dinas Kesehatan Provinsi Jawa Timur,2024-OFFICIAL
3503,Kabupaten Trenggalek,2024,Q2,rawat_inap,Penyakit Jantung Iskemik,I25,155,tidak_menular,Dinas Kesehatan Provinsi Jawa Timur,2024-OFFICIAL
3503,Kabupaten Trenggalek,2024,Q2,rawat_jalan,Gastritis dan Duodenitis,K29,446,tidak_menular,Dinas Kesehatan Provinsi Jawa Timur,2024-OFFICIAL
3503,Kabupaten Trenggalek,2024,Q3,rawat_jalan,Infeksi Saluran Pernapasan Akut (ISPA),J06,620,menular,Dinas Kesehatan Provinsi Jawa Timur,2024-OFFICIAL
3503,Kabupaten Trenggalek,2024,Q3,rawat_inap,Demam Berdarah Dengue (DBD),A90,289,menular,Dinas Kesehatan Provinsi Jawa Timur,2024-OFFICIAL
3503,Kabupaten Trenggalek,2024,Q3,rawat_inap,Tuberkulosis Paru (TB),A15,268,menular,Dinas Kesehatan Provinsi Jawa Timur,2024-OFFICIAL
3503,Kabupaten Trenggalek,2024,Q3,rawat_jalan,Diare dan Gastroenteritis,A09,551,menular,Dinas Kesehatan Provinsi Jawa Timur,2024-OFFICIAL
3503,Kabupaten Trenggalek,2024,Q3,rawat_jalan,Hipertensi Esensial,I10,1149,tidak_menular,Dinas Kesehatan Provinsi Jawa Timur,2024-OFFICIAL
3503,Kabupaten Trenggalek,2024,Q3,rawat_jalan,Diabetes Melitus Tipe 2,E11,459,tidak_menular,Dinas Kesehatan Provinsi Jawa Timur,2024-OFFICIAL
3503,Kabupaten Trenggalek,2024,Q3,rawat_inap,Pneumonia,J18,200,menular,Dinas Kesehatan Provinsi Jawa Timur,2024-OFFICIAL
3503,Kabupaten Trenggalek,2024,Q3,rawat_jalan,Demam Tifoid,A01,250,menular,Dinas Kesehatan Provinsi Jawa Timur,2024-OFFICIAL
3503,Kabupaten Trenggalek,2024,Q3,rawat_inap,Penyakit Jantung Iskemik,I25,243,tidak_menular,Dinas Kesehatan Provinsi Jawa Timur,2024-OFFICIAL
3503,Kabupaten Trenggalek,2024,Q3,rawat_jalan,Gastritis dan Duodenitis,K29,286,tidak_menular,Dinas Kesehatan Provinsi Jawa Timur,2024-OFFICIAL
3503,Kabupaten Trenggalek,2024,Q4,rawat_jalan,Infeksi Saluran Pernapasan Akut (ISPA),J06,988,menular,Dinas Kesehatan Provinsi Jawa Timur,2024-OFFICIAL
3503,Kabupaten Trenggalek,2024,Q4,rawat_inap,Demam Berdarah Dengue (DBD),A90,315,menular,Dinas Kesehatan Provinsi Jawa Timur,2024-OFFICIAL
3503,Kabupaten Trenggalek,2024,Q4,rawat_inap,Tuberkulosis Paru (TB),A15,133,menular,Dinas Kesehatan Provinsi Jawa Timur,2024-OFFICIAL
3503,Kabupaten Trenggalek,2024,Q4,rawat_jalan,Diare dan Gastroenteritis,A09,579,menular,Dinas Kesehatan Provinsi Jawa Timur,2024-OFFICIAL
3503,Kabupaten Trenggalek,2024,Q4,rawat_jalan,Hipertensi Esensial,I10,530,tidak_menular,Dinas Kesehatan Provinsi Jawa Timur,2024-OFFICIAL
3503,Kabupaten Trenggalek,2024,Q4,rawat_jalan,Diabetes Melitus Tipe 2,E11,561,tidak_menular,Dinas Kesehatan Provinsi Jawa Timur,2024-OFFICIAL
3503,Kabupaten Trenggalek,2024,Q4,rawat_inap,Pneumonia,J18,247,menular,Dinas Kesehatan Provinsi Jawa Timur,2024-OFFICIAL
3503,Kabupaten Trenggalek,2024,Q4,rawat_jalan,Demam Tifoid,A01,289,menular,Dinas Kesehatan Provinsi Jawa Timur,2024-OFFICIAL
3503,Kabupaten Trenggalek,2024,Q4,rawat_inap,Penyakit Jantung Iskemik,I25,221,tidak_menular,Dinas Kesehatan Provinsi Jawa Timur,2024-OFFICIAL
3503,Kabupaten Trenggalek,2024,Q4,rawat_jalan,Gastritis dan Duodenitis,K29,609,tidak_menular,Dinas Kesehatan Provinsi Jawa Timur,2024-OFFICIAL
3504,Kabupaten Tulungagung,2024,Q1,rawat_jalan,Infeksi Saluran Pernapasan Akut (ISPA),J06,1793,menular,Dinas Kesehatan Provinsi Jawa Timur,2024-OFFICIAL
3504,Kabupaten Tulungagung,2024,Q1,rawat_inap,Demam Berdarah Dengue (DBD),A90,416,menular,Dinas Kesehatan Provinsi Jawa Timur,2024-OFFICIAL
3504,Kabupaten Tulungagung,2024,Q1,rawat_inap,Tuberkulosis Paru (TB),A15,254,menular,Dinas Kesehatan Provinsi Jawa Timur,2024-OFFICIAL
3504,Kabupaten Tulungagung,2024,Q1,rawat_jalan,Diare dan Gastroenteritis,A09,1111,menular,Dinas Kesehatan Provinsi Jawa Timur,2024-OFFICIAL
3504,Kabupaten Tulungagung,2024,Q1,rawat_jalan,Hipertensi Esensial,I10,1451,tidak_menular,Dinas Kesehatan Provinsi Jawa Timur,2024-OFFICIAL
3504,Kabupaten Tulungagung,2024,Q1,rawat_jalan,Diabetes Melitus Tipe 2,E11,896,tidak_menular,Dinas Kesehatan Provinsi Jawa Timur,2024-OFFICIAL
3504,Kabupaten Tulungagung,2024,Q1,rawat_inap,Pneumonia,J18,225,menular,Dinas Kesehatan Provinsi Jawa Timur,2024-OFFICIAL
3504,Kabupaten Tulungagung,2024,Q1,rawat_jalan,Demam Tifoid,A01,270,menular,Dinas Kesehatan Provinsi Jawa Timur,2024-OFFICIAL
3504,Kabupaten Tulungagung,2024,Q1,rawat_inap,Penyakit Jantung Iskemik,I25,227,tidak_menular,Dinas Kesehatan Provinsi Jawa Timur,2024-OFFICIAL
3504,Kabupaten Tulungagung,2024,Q1,rawat_jalan,Gastritis dan Duodenitis,K29,748,tidak_menular,Dinas Kesehatan Provinsi Jawa Timur,2024-OFFICIAL
3504,Kabupaten Tulungagung,2024,Q2,rawat_jalan,Infeksi Saluran Pernapasan Akut (ISPA),J06,1587,menular,Dinas Kesehatan Provinsi Jawa Timur,2024-OFFICIAL
3504,Kabupaten Tulungagung,2024,Q2,rawat_inap,Demam Berdarah Dengue (DBD),A90,547,menular,Dinas Kesehatan Provinsi Jawa Timur,2024-OFFICIAL
3504,Kabupaten Tulungagung,2024,Q2,rawat_inap,Tuberkulosis Paru (TB),A15,282,menular,Dinas Kesehatan Provinsi Jawa Timur,2024-OFFICIAL
3504,Kabupaten Tulungagung,2024,Q2,rawat_jalan,Diare dan Gastroenteritis,A09,735,menular,Dinas Kesehatan Provinsi Jawa Timur,2024-OFFICIAL
3504,Kabupaten Tulungagung,2024,Q2,rawat_jalan,Hipertensi Esensial,I10,1440,tidak_menular,Dinas Kesehatan Provinsi Jawa Timur,2024-OFFICIAL
3504,Kabupaten Tulungagung,2024,Q2,rawat_jalan,Diabetes Melitus Tipe 2,E11,701,tidak_menular,Dinas Kesehatan Provinsi Jawa Timur,2024-OFFICIAL
3504,Kabupaten Tulungagung,2024,Q2,rawat_inap,Pneumonia,J18,374,menular,Dinas Kesehatan Provinsi Jawa Timur,2024-OFFICIAL
3504,Kabupaten Tulungagung,2024,Q2,rawat_jalan,Demam Tifoid,A01,429,menular,Dinas Kesehatan Provinsi Jawa Timur,2024-OFFICIAL
3504,Kabupaten Tulungagung,2024,Q2,rawat_inap,Penyakit Jantung Iskemik,I25,263,tidak_menular,Dinas Kesehatan Provinsi Jawa Timur,2024-OFFICIAL
3504,Kabupaten Tulungagung,2024,Q2,rawat_jalan,Gastritis dan Duodenitis,K29,681,tidak_menular,Dinas Kesehatan Provinsi Jawa Timur,2024-OFFICIAL
3504,Kabupaten Tulungagung,2024,Q3,rawat_jalan,Infeksi Saluran Pernapasan Akut (ISPA),J06,1987,menular,Dinas Kesehatan Provinsi Jawa Timur,2024-OFFICIAL
3504,Kabupaten Tulungagung,2024,Q3,rawat_inap,Demam Berdarah Dengue (DBD),A90,634,menular,Dinas Kesehatan Provinsi Jawa Timur,2024-OFFICIAL
3504,Kabupaten Tulungagung,2024,Q3,rawat_inap,Tuberkulosis Paru (TB),A15,378,menular,Dinas Kesehatan Provinsi Jawa Timur,2024-OFFICIAL
3504,Kabupaten Tulungagung,2024,Q3,rawat_jalan,Diare dan Gastroenteritis,A09,1114,menular,Dinas Kesehatan Provinsi Jawa Timur,2024-OFFICIAL
3504,Kabupaten Tulungagung,2024,Q3,rawat_jalan,Hipertensi Esensial,I10,1743,tidak_menular,Dinas Kesehatan Provinsi Jawa Timur,2024-OFFICIAL
3504,Kabupaten Tulungagung,2024,Q3,rawat_jalan,Diabetes Melitus Tipe 2,E11,797,tidak_menular,Dinas Kesehatan Provinsi Jawa Timur,2024-OFFICIAL
3504,Kabupaten Tulungagung,2024,Q3,rawat_inap,Pneumonia,J18,237,menular,Dinas Kesehatan Provinsi Jawa Timur,2024-OFFICIAL
3504,Kabupaten Tulungagung,2024,Q3,rawat_jalan,Demam Tifoid,A01,373,menular,Dinas Kesehatan Provinsi Jawa Timur,2024-OFFICIAL
3504,Kabupaten Tulungagung,2024,Q3,rawat_inap,Penyakit Jantung Iskemik,I25,181,tidak_menular,Dinas Kesehatan Provinsi Jawa Timur,2024-OFFICIAL
3504,Kabupaten Tulungagung,2024,Q3,rawat_jalan,Gastritis dan Duodenitis,K29,741,tidak_menular,Dinas Kesehatan Provinsi Jawa Timur,2024-OFFICIAL
3504,Kabupaten Tulungagung,2024,Q4,rawat_jalan,Infeksi Saluran Pernapasan Akut (ISPA),J06,1607,menular,Dinas Kesehatan Provinsi Jawa Timur,2024-OFFICIAL
3504,Kabupaten Tulungagung,2024,Q4,rawat_inap,Demam Berdarah Dengue (DBD),A90,553,menular,Dinas Kesehatan Provinsi Jawa Timur,2024-OFFICIAL
3504,Kabupaten Tulungagung,2024,Q4,rawat_inap,Tuberkulosis Paru (TB),A15,240,menular,Dinas Kesehatan Provinsi Jawa Timur,2024-OFFICIAL
3504,Kabupaten Tulungagung,2024,Q4,rawat_jalan,Diare dan Gastroenteritis,A09,1191,menular,Dinas Kesehatan Provinsi Jawa Timur,2024-OFFICIAL
3504,Kabupaten Tulungagung,2024,Q4,rawat_jalan,Hipertensi Esensial,I10,1661,tidak_menular,Dinas Kesehatan Provinsi Jawa Timur,2024-OFFICIAL
3504,Kabupaten Tulungagung,2024,Q4,rawat_jalan,Diabetes Melitus Tipe 2,E11,971,tidak_menular,Dinas Kesehatan Provinsi Jawa Timur,2024-OFFICIAL
3504,Kabupaten Tulungagung,2024,Q4,rawat_inap,Pneumonia,J18,189,menular,Dinas Kesehatan Provinsi Jawa Timur,2024-OFFICIAL
3504,Kabupaten Tulungagung,2024,Q4,rawat_jalan,Demam Tifoid,A01,527,menular,Dinas Kesehatan Provinsi Jawa Timur,2024-OFFICIAL
3504,Kabupaten Tulungagung,2024,Q4,rawat_inap,Penyakit Jantung Iskemik,I25,390,tidak_menular,Dinas Kesehatan Provinsi Jawa Timur,2024-OFFICIAL
3504,Kabupaten Tulungagung,2024,Q4,rawat_jalan,Gastritis dan Duodenitis,K29,767,tidak_menular,Dinas Kesehatan Provinsi Jawa Timur,2024-OFFICIAL
3505,Kabupaten Blitar,2024,Q1,rawat_jalan,Infeksi Saluran Pernapasan Akut (ISPA),J06,1267,menular,Dinas Kesehatan Provinsi Jawa Timur,2024-OFFICIAL
3505,Kabupaten Blitar,2024,Q1,rawat_inap,Demam Berdarah Dengue (DBD),A90,293,menular,Dinas Kesehatan Provinsi Jawa Timur,2024-OFFICIAL
3505,Kabupaten Blitar,2024,Q1,rawat_inap,Tuberkulosis Paru (TB),A15,207,menular,Dinas Kesehatan Provinsi Jawa Timur,2024-OFFICIAL
3505,Kabupaten Blitar,2024,Q1,rawat_jalan,Diare dan Gastroenteritis,A09,1280,menular,Dinas Kesehatan Provinsi Jawa Timur,2024-OFFICIAL
3505,Kabupaten Blitar,2024,Q1,rawat_jalan,Hipertensi Esensial,I10,1457,tidak_menular,Dinas Kesehatan Provinsi Jawa Timur,2024-OFFICIAL
3505,Kabupaten Blitar,2024,Q1,rawat_jalan,Diabetes Melitus Tipe 2,E11,1198,tidak_menular,Dinas Kesehatan Provinsi Jawa Timur,2024-OFFICIAL
3505,Kabupaten Blitar,2024,Q1,rawat_inap,Pneumonia,J18,342,menular,Dinas Kesehatan Provinsi Jawa Timur,2024-OFFICIAL
3505,Kabupaten Blitar,2024,Q1,rawat_jalan,Demam Tifoid,A01,544,menular,Dinas Kesehatan Provinsi Jawa Timur,2024-OFFICIAL
3505,Kabupaten Blitar,2024,Q1,rawat_inap,Penyakit Jantung Iskemik,I25,290,tidak_menular,Dinas Kesehatan Provinsi Jawa Timur,2024-OFFICIAL
3505,Kabupaten Blitar,2024,Q1,rawat_jalan,Gastritis dan Duodenitis,K29,566,tidak_menular,Dinas Kesehatan Provinsi Jawa Timur,2024-OFFICIAL
3505,Kabupaten Blitar,2024,Q2,rawat_jalan,Infeksi Saluran Pernapasan Akut (ISPA),J06,2401,menular,Dinas Kesehatan Provinsi Jawa Timur,2024-OFFICIAL
3505,Kabupaten Blitar,2024,Q2,rawat_inap,Demam Berdarah Dengue (DBD),A90,261,menular,Dinas Kesehatan Provinsi Jawa Timur,2024-OFFICIAL
3505,Kabupaten Blitar,2024,Q2,rawat_inap,Tuberkulosis Paru (TB),A15,552,menular,Dinas Kesehatan Provinsi Jawa Timur,2024-OFFICIAL
3505,Kabupaten Blitar,2024,Q2,rawat_jalan,Diare dan Gastroenteritis,A09,831,menular,Dinas Kesehatan Provinsi Jawa Timur,2024-OFFICIAL
3505,Kabupaten Blitar,2024,Q2,rawat_jalan,Hipertensi Esensial,I10,888,tidak_menular,Dinas Kesehatan Provinsi Jawa Timur,2024-OFFICIAL
3505,Kabupaten Blitar,2024,Q2,rawat_jalan,Diabetes Melitus Tipe 2,E11,829,tidak_menular,Dinas Kesehatan Provinsi Jawa Timur,2024-OFFICIAL
3505,Kabupaten Blitar,2024,Q2,rawat_inap,Pneumonia,J18,363,menular,Dinas Kesehatan Provinsi Jawa Timur,2024-OFFICIAL
3505,Kabupaten Blitar,2024,Q2,rawat_jalan,Demam Tifoid,A01,394,menular,Dinas Kesehatan Provinsi Jawa Timur,2024-OFFICIAL
3505,Kabupaten Blitar,2024,Q2,rawat_inap,Penyakit Jantung Iskemik,I25,235,tidak_menular,Dinas Kesehatan Provinsi Jawa Timur,2024-OFFICIAL
3505,Kabupaten Blitar,2024,Q2,rawat_jalan,Gastritis dan Duodenitis,K29,482,tidak_menular,Dinas Kesehatan Provinsi Jawa Timur,2024-OFFICIAL
3505,Kabupaten Blitar,2024,Q3,rawat_jalan,Infeksi Saluran Pernapasan Akut (ISPA),J06,1055,menular,Dinas Kesehatan Provinsi Jawa Timur,2024-OFFICIAL
3505,Kabupaten Blitar,2024,Q3,rawat_inap,Demam Berdarah Dengue (DBD),A90,500,menular,Dinas Kesehatan Provinsi Jawa Timur,2024-OFFICIAL
3505,Kabupaten Blitar,2024,Q3,rawat_inap,Tuberkulosis Paru (TB),A15,280,menular,Dinas Kesehatan Provinsi Jawa Timur,2024-OFFICIAL
3505,Kabupaten Blitar,2024,Q3,rawat_jalan,Diare dan Gastroenteritis,A09,1073,menular,Dinas Kesehatan Provinsi Jawa Timur,2024-OFFICIAL
3505,Kabupaten Blitar,2024,Q3,rawat_jalan,Hipertensi Esensial,I10,1029,tidak_menular,Dinas Kesehatan Provinsi Jawa Timur,2024-OFFICIAL
3505,Kabupaten Blitar,2024,Q3,rawat_jalan,Diabetes Melitus Tipe 2,E11,814,tidak_menular,Dinas Kesehatan Provinsi Jawa Timur,2024-OFFICIAL
3505,Kabupaten Blitar,2024,Q3,rawat_inap,Pneumonia,J18,303,menular,Dinas Kesehatan Provinsi Jawa Timur,2024-OFFICIAL
3505,Kabupaten Blitar,2024,Q3,rawat_jalan,Demam Tifoid,A01,365,menular,Dinas Kesehatan Provinsi Jawa Timur,2024-OFFICIAL
3505,Kabupaten Blitar,2024,Q3,rawat_inap,Penyakit Jantung Iskemik,I25,439,tidak_menular,Dinas Kesehatan Provinsi Jawa Timur,2024-OFFICIAL
3505,Kabupaten Blitar,2024,Q3,rawat_jalan,Gastritis dan Duodenitis,K29,605,tidak_menular,Dinas Kesehatan Provinsi Jawa Timur,2024-OFFICIAL
3505,Kabupaten Blitar,2024,Q4,rawat_jalan,Infeksi Saluran Pernapasan Akut (ISPA),J06,2088,menular,Dinas Kesehatan Provinsi Jawa Timur,2024-OFFICIAL
3505,Kabupaten Blitar,2024,Q4,rawat_inap,Demam Berdarah Dengue (DBD),A90,550,menular,Dinas Kesehatan Provinsi Jawa Timur,2024-OFFICIAL
3505,Kabupaten Blitar,2024,Q4,rawat_inap,Tuberkulosis Paru (TB),A15,300,menular,Dinas Kesehatan Provinsi Jawa Timur,2024-OFFICIAL
3505,Kabupaten Blitar,2024,Q4,rawat_jalan,Diare dan Gastroenteritis,A09,1096,menular,Dinas Kesehatan Provinsi Jawa Timur,2024-OFFICIAL
3505,Kabupaten Blitar,2024,Q4,rawat_jalan,Hipertensi Esensial,I10,1327,tidak_menular,Dinas Kesehatan Provinsi Jawa Timur,2024-OFFICIAL
3505,Kabupaten Blitar,2024,Q4,rawat_jalan,Diabetes Melitus Tipe 2,E11,1400,tidak_menular,Dinas Kesehatan Provinsi Jawa Timur,2024-OFFICIAL
3505,Kabupaten Blitar,2024,Q4,rawat_inap,Pneumonia,J18,356,menular,Dinas Kesehatan Provinsi Jawa Timur,2024-OFFICIAL
3505,Kabupaten Blitar,2024,Q4,rawat_jalan,Demam Tifoid,A01,350,menular,Dinas Kesehatan Provinsi Jawa Timur,2024-OFFICIAL
3505,Kabupaten Blitar,2024,Q4,rawat_inap,Penyakit Jantung Iskemik,I25,497,tidak_menular,Dinas Kesehatan Provinsi Jawa Timur,2024-OFFICIAL
3505,Kabupaten Blitar,2024,Q4,rawat_jalan,Gastritis dan Duodenitis,K29,853,tidak_menular,Dinas Kesehatan Provinsi Jawa Timur,2024-OFFICIAL
3506,Kabupaten Kediri,2024,Q1,rawat_jalan,Infeksi Saluran Pernapasan Akut (ISPA),J06,3017,menular,Dinas Kesehatan Provinsi Jawa Timur,2024-OFFICIAL
3506,Kabupaten Kediri,2024,Q1,rawat_inap,Demam Berdarah Dengue (DBD),A90,771,menular,Dinas Kesehatan Provinsi Jawa Timur,2024-OFFICIAL
3506,Kabupaten Kediri,2024,Q1,rawat_inap,Tuberkulosis Paru (TB),A15,689,menular,Dinas Kesehatan Provinsi Jawa Timur,2024-OFFICIAL
3506,Kabupaten Kediri,2024,Q1,rawat_jalan,Diare dan Gastroenteritis,A09,1282,menular,Dinas Kesehatan Provinsi Jawa Timur,2024-OFFICIAL
3506,Kabupaten Kediri,2024,Q1,rawat_jalan,Hipertensi Esensial,I10,1772,tidak_menular,Dinas Kesehatan Provinsi Jawa Timur,2024-OFFICIAL
3506,Kabupaten Kediri,2024,Q1,rawat_jalan,Diabetes Melitus Tipe 2,E11,1645,tidak_menular,Dinas Kesehatan Provinsi Jawa Timur,2024-OFFICIAL
3506,Kabupaten Kediri,2024,Q1,rawat_inap,Pneumonia,J18,547,menular,Dinas Kesehatan Provinsi Jawa Timur,2024-OFFICIAL
3506,Kabupaten Kediri,2024,Q1,rawat_jalan,Demam Tifoid,A01,587,menular,Dinas Kesehatan Provinsi Jawa Timur,2024-OFFICIAL
3506,Kabupaten Kediri,2024,Q1,rawat_inap,Penyakit Jantung Iskemik,I25,599,tidak_menular,Dinas Kesehatan Provinsi Jawa Timur,2024-OFFICIAL
3506,Kabupaten Kediri,2024,Q1,rawat_jalan,Gastritis dan Duodenitis,K29,1121,tidak_menular,Dinas Kesehatan Provinsi Jawa Timur,2024-OFFICIAL
3506,Kabupaten Kediri,2024,Q2,rawat_jalan,Infeksi Saluran Pernapasan Akut (ISPA),J06,1969,menular,Dinas Kesehatan Provinsi Jawa Timur,2024-OFFICIAL
3506,Kabupaten Kediri,2024,Q2,rawat_inap,Demam Berdarah Dengue (DBD),A90,394,menular,Dinas Kesehatan Provinsi Jawa Timur,2024-OFFICIAL
3506,Kabupaten Kediri,2024,Q2,rawat_inap,Tuberkulosis Paru (TB),A15,522,menular,Dinas Kesehatan Provinsi Jawa Timur,2024-OFFICIAL
3506,Kabupaten Kediri,2024,Q2,rawat_jalan,Diare dan Gastroenteritis,A09,849,menular,Dinas Kesehatan Provinsi Jawa Timur,2024-OFFICIAL
3506,Kabupaten Kediri,2024,Q2,rawat_jalan,Hipertensi Esensial,I10,1958,tidak_menular,Dinas Kesehatan Provinsi Jawa Timur,2024-OFFICIAL
3506,Kabupaten Kediri,2024,Q2,rawat_jalan,Diabetes Melitus Tipe 2,E11,1694,tidak_menular,Dinas Kesehatan Provinsi Jawa Timur,2024-OFFICIAL
3506,Kabupaten Kediri,2024,Q2,rawat_inap,Pneumonia,J18,341,menular,Dinas Kesehatan Provinsi Jawa Timur,2024-OFFICIAL
3506,Kabupaten Kediri,2024,Q2,rawat_jalan,Demam Tifoid,A01,541,menular,Dinas Kesehatan Provinsi Jawa Timur,2024-OFFICIAL
3506,Kabupaten Kediri,2024,Q2,rawat_inap,Penyakit Jantung Iskemik,I25,722,tidak_menular,Dinas Kesehatan Provinsi Jawa Timur,2024-OFFICIAL
3506,Kabupaten Kediri,2024,Q2,rawat_jalan,Gastritis dan Duodenitis,K29,1108,tidak_menular,Dinas Kesehatan Provinsi Jawa Timur,2024-OFFICIAL
3506,Kabupaten Kediri,2024,Q3,rawat_jalan,Infeksi Saluran Pernapasan Akut (ISPA),J06,2380,menular,Dinas Kesehatan Provinsi Jawa Timur,2024-OFFICIAL
3506,Kabupaten Kediri,2024,Q3,rawat_inap,Demam Berdarah Dengue (DBD),A90,389,menular,Dinas Kesehatan Provinsi Jawa Timur,2024-OFFICIAL
3506,Kabupaten Kediri,2024,Q3,rawat_inap,Tuberkulosis Paru (TB),A15,594,menular,Dinas Kesehatan Provinsi Jawa Timur,2024-OFFICIAL
3506,Kabupaten Kediri,2024,Q3,rawat_jalan,Diare dan Gastroenteritis,A09,1080,menular,Dinas Kesehatan Provinsi Jawa Timur,2024-OFFICIAL
3506,Kabupaten Kediri,2024,Q3,rawat_jalan,Hipertensi Esensial,I10,2444,tidak_menular,Dinas Kesehatan Provinsi Jawa Timur,2024-OFFICIAL
3506,Kabupaten Kediri,2024,Q3,rawat_jalan,Diabetes Melitus Tipe 2,E11,1914,tidak_menular,Dinas Kesehatan Provinsi Jawa Timur,2024-OFFICIAL
3506,Kabupaten Kediri,2024,Q3,rawat_inap,Pneumonia,J18,511,menular,Dinas Kesehatan Provinsi Jawa Timur,2024-OFFICIAL
3506,Kabupaten Kediri,2024,Q3,rawat_jalan,Demam Tifoid,A01,437,menular,Dinas Kesehatan Provinsi Jawa Timur,2024-OFFICIAL
3506,Kabupaten Kediri,2024,Q3,rawat_inap,Penyakit Jantung Iskemik,I25,704,tidak_menular,Dinas Kesehatan Provinsi Jawa Timur,2024-OFFICIAL
3506,Kabupaten Kediri,2024,Q3,rawat_jalan,Gastritis dan Duodenitis,K29,1176,tidak_menular,Dinas Kesehatan Provinsi Jawa Timur,2024-OFFICIAL
3506,Kabupaten Kediri,2024,Q4,rawat_jalan,Infeksi Saluran Pernapasan Akut (ISPA),J06,1659,menular,Dinas Kesehatan Provinsi Jawa Timur,2024-OFFICIAL
3506,Kabupaten Kediri,2024,Q4,rawat_inap,Demam Berdarah Dengue (DBD),A90,278,menular,Dinas Kesehatan Provinsi Jawa Timur,2024-OFFICIAL
3506,Kabupaten Kediri,2024,Q4,rawat_inap,Tuberkulosis Paru (TB),A15,306,menular,Dinas Kesehatan Provinsi Jawa Timur,2024-OFFICIAL
3506,Kabupaten Kediri,2024,Q4,rawat_jalan,Diare dan Gastroenteritis,A09,1329,menular,Dinas Kesehatan Provinsi Jawa Timur,2024-OFFICIAL
3506,Kabupaten Kediri,2024,Q4,rawat_jalan,Hipertensi Esensial,I10,2026,tidak_menular,Dinas Kesehatan Provinsi Jawa Timur,2024-OFFICIAL
3506,Kabupaten Kediri,2024,Q4,rawat_jalan,Diabetes Melitus Tipe 2,E11,744,tidak_menular,Dinas Kesehatan Provinsi Jawa Timur,2024-OFFICIAL
3506,Kabupaten Kediri,2024,Q4,rawat_inap,Pneumonia,J18,555,menular,Dinas Kesehatan Provinsi Jawa Timur,2024-OFFICIAL
3506,Kabupaten Kediri,2024,Q4,rawat_jalan,Demam Tifoid,A01,361,menular,Dinas Kesehatan Provinsi Jawa Timur,2024-OFFICIAL
3506,Kabupaten Kediri,2024,Q4,rawat_inap,Penyakit Jantung Iskemik,I25,659,tidak_menular,Dinas Kesehatan Provinsi Jawa Timur,2024-OFFICIAL
3506,Kabupaten Kediri,2024,Q4,rawat_jalan,Gastritis dan Duodenitis,K29,1023,tidak_menular,Dinas Kesehatan Provinsi Jawa Timur,2024-OFFICIAL
3507,Kabupaten Malang,2024,Q1,rawat_jalan,Infeksi Saluran Pernapasan Akut (ISPA),J06,4702,menular,Dinas Kesehatan Provinsi Jawa Timur,2024-OFFICIAL
3507,Kabupaten Malang,2024,Q1,rawat_inap,Demam Berdarah Dengue (DBD),A90,1375,menular,Dinas Kesehatan Provinsi Jawa Timur,2024-OFFICIAL
3507,Kabupaten Malang,2024,Q1,rawat_inap,Tuberkulosis Paru (TB),A15,918,menular,Dinas Kesehatan Provinsi Jawa Timur,2024-OFFICIAL
3507,Kabupaten Malang,2024,Q1,rawat_jalan,Diare dan Gastroenteritis,A09,1776,menular,Dinas Kesehatan Provinsi Jawa Timur,2024-OFFICIAL
3507,Kabupaten Malang,2024,Q1,rawat_jalan,Hipertensi Esensial,I10,3396,tidak_menular,Dinas Kesehatan Provinsi Jawa Timur,2024-OFFICIAL
3507,Kabupaten Malang,2024,Q1,rawat_jalan,Diabetes Melitus Tipe 2,E11,1611,tidak_menular,Dinas Kesehatan Provinsi Jawa Timur,2024-OFFICIAL
3507,Kabupaten Malang,2024,Q1,rawat_inap,Pneumonia,J18,482,menular,Dinas Kesehatan Provinsi Jawa Timur,2024-OFFICIAL
3507,Kabupaten Malang,2024,Q1,rawat_jalan,Demam Tifoid,A01,552,menular,Dinas Kesehatan Provinsi Jawa Timur,2024-OFFICIAL
3507,Kabupaten Malang,2024,Q1,rawat_inap,Penyakit Jantung Iskemik,I25,693,tidak_menular,Dinas Kesehatan Provinsi Jawa Timur,2024-OFFICIAL
3507,Kabupaten Malang,2024,Q1,rawat_jalan,Gastritis dan Duodenitis,K29,2261,tidak_menular,Dinas Kesehatan Provinsi Jawa Timur,2024-OFFICIAL
3507,Kabupaten Malang,2024,Q2,rawat_jalan,Infeksi Saluran Pernapasan Akut (ISPA),J06,4447,menular,Dinas Kesehatan Provinsi Jawa Timur,2024-OFFICIAL
3507,Kabupaten Malang,2024,Q2,rawat_inap,Demam Berdarah Dengue (DBD),A90,475,menular,Dinas Kesehatan Provinsi Jawa Timur,2024-OFFICIAL
3507,Kabupaten Malang,2024,Q2,rawat_inap,Tuberkulosis Paru (TB),A15,587,menular,Dinas Kesehatan Provinsi Jawa Timur,2024-OFFICIAL
3507,Kabupaten Malang,2024,Q2,rawat_jalan,Diare dan Gastroenteritis,A09,1886,menular,Dinas Kesehatan Provinsi Jawa Timur,2024-OFFICIAL
3507,Kabupaten Malang,2024,Q2,rawat_jalan,Hipertensi Esensial,I10,3408,tidak_menular,Dinas Kesehatan Provinsi Jawa Timur,2024-OFFICIAL
3507,Kabupaten Malang,2024,Q2,rawat_jalan,Diabetes Melitus Tipe 2,E11,2225,tidak_menular,Dinas Kesehatan Provinsi Jawa Timur,2024-OFFICIAL
3507,Kabupaten Malang,2024,Q2,rawat_inap,Pneumonia,J18,835,menular,Dinas Kesehatan Provinsi Jawa Timur,2024-OFFICIAL
3507,Kabupaten Malang,2024,Q2,rawat_jalan,Demam Tifoid,A01,691,menular,Dinas Kesehatan Provinsi Jawa Timur,2024-OFFICIAL
3507,Kabupaten Malang,2024,Q2,rawat_inap,Penyakit Jantung Iskemik,I25,914,tidak_menular,Dinas Kesehatan Provinsi Jawa Timur,2024-OFFICIAL
3507,Kabupaten Malang,2024,Q2,rawat_jalan,Gastritis dan Duodenitis,K29,1888,tidak_menular,Dinas Kesehatan Provinsi Jawa Timur,2024-OFFICIAL
3507,Kabupaten Malang,2024,Q3,rawat_jalan,Infeksi Saluran Pernapasan Akut (ISPA),J06,2191,menular,Dinas Kesehatan Provinsi Jawa Timur,2024-OFFICIAL
3507,Kabupaten Malang,2024,Q3,rawat_inap,Demam Berdarah Dengue (DBD),A90,583,menular,Dinas Kesehatan Provinsi Jawa Timur,2024-OFFICIAL
3507,Kabupaten Malang,2024,Q3,rawat_inap,Tuberkulosis Paru (TB),A15,377,menular,Dinas Kesehatan Provinsi Jawa Timur,2024-OFFICIAL
3507,Kabupaten Malang,2024,Q3,rawat_jalan,Diare dan Gastroenteritis,A09,2223,menular,Dinas Kesehatan Provinsi Jawa Timur,2024-OFFICIAL
3507,Kabupaten Malang,2024,Q3,rawat_jalan,Hipertensi Esensial,I10,4396,tidak_menular,Dinas Kesehatan Provinsi Jawa Timur,2024-OFFICIAL
3507,Kabupaten Malang,2024,Q3,rawat_jalan,Diabetes Melitus Tipe 2,E11,2971,tidak_menular,Dinas Kesehatan Provinsi Jawa Timur,2024-OFFICIAL
3507,Kabupaten Malang,2024,Q3,rawat_inap,Pneumonia,J18,836,menular,Dinas Kesehatan Provinsi Jawa Timur,2024-OFFICIAL
3507,Kabupaten Malang,2024,Q3,rawat_jalan,Demam Tifoid,A01,974,menular,Dinas Kesehatan Provinsi Jawa Timur,2024-OFFICIAL
3507,Kabupaten Malang,2024,Q3,rawat_inap,Penyakit Jantung Iskemik,I25,897,tidak_menular,Dinas Kesehatan Provinsi Jawa Timur,2024-OFFICIAL
3507,Kabupaten Malang,2024,Q3,rawat_jalan,Gastritis dan Duodenitis,K29,1911,tidak_menular,Dinas Kesehatan Provinsi Jawa Timur,2024-OFFICIAL
3507,Kabupaten Malang,2024,Q4,rawat_jalan,Infeksi Saluran Pernapasan Akut (ISPA),J06,3096,menular,Dinas Kesehatan Provinsi Jawa Timur,2024-OFFICIAL
3507,Kabupaten Malang,2024,Q4,rawat_inap,Demam Berdarah Dengue (DBD),A90,983,menular,Dinas Kesehatan Provinsi Jawa Timur,2024-OFFICIAL
3507,Kabupaten Malang,2024,Q4,rawat_inap,Tuberkulosis Paru (TB),A15,393,menular,Dinas Kesehatan Provinsi Jawa Timur,2024-OFFICIAL
3507,Kabupaten Malang,2024,Q4,rawat_jalan,Diare dan Gastroenteritis,A09,1690,menular,Dinas Kesehatan Provinsi Jawa Timur,2024-OFFICIAL
3507,Kabupaten Malang,2024,Q4,rawat_jalan,Hipertensi Esensial,I10,2946,tidak_menular,Dinas Kesehatan Provinsi Jawa Timur,2024-OFFICIAL
3507,Kabupaten Malang,2024,Q4,rawat_jalan,Diabetes Melitus Tipe 2,E11,3121,tidak_menular,Dinas Kesehatan Provinsi Jawa Timur,2024-OFFICIAL
3507,Kabupaten Malang,2024,Q4,rawat_inap,Pneumonia,J18,449,menular,Dinas Kesehatan Provinsi Jawa Timur,2024-OFFICIAL
3507,Kabupaten Malang,2024,Q4,rawat_jalan,Demam Tifoid,A01,926,menular,Dinas Kesehatan Provinsi Jawa Timur,2024-OFFICIAL
3507,Kabupaten Malang,2024,Q4,rawat_inap,Penyakit Jantung Iskemik,I25,448,tidak_menular,Dinas Kesehatan Provinsi Jawa Timur,2024-OFFICIAL
3507,Kabupaten Malang,2024,Q4,rawat_jalan,Gastritis dan Duodenitis,K29,1025,tidak_menular,Dinas Kesehatan Provinsi Jawa Timur,2024-OFFICIAL
3508,Kabupaten Lumajang,2024,Q1,rawat_jalan,Infeksi Saluran Pernapasan Akut (ISPA),J06,1597,menular,Dinas Kesehatan Provinsi Jawa Timur,2024-OFFICIAL
3508,Kabupaten Lumajang,2024,Q1,rawat_inap,Demam Berdarah Dengue (DBD),A90,467,menular,Dinas Kesehatan Provinsi Jawa Timur,2024-OFFICIAL
3508,Kabupaten Lumajang,2024,Q1,rawat_inap,Tuberkulosis Paru (TB),A15,318,menular,Dinas Kesehatan Provinsi Jawa Timur,2024-OFFICIAL
3508,Kabupaten Lumajang,2024,Q1,rawat_jalan,Diare dan Gastroenteritis,A09,1228,menular,Dinas Kesehatan Provinsi Jawa Timur,2024-OFFICIAL
3508,Kabupaten Lumajang,2024,Q1,rawat_jalan,Hipertensi Esensial,I10,1376,tidak_menular,Dinas Kesehatan Provinsi Jawa Timur,2024-OFFICIAL
3508,Kabupaten Lumajang,2024,Q1,rawat_jalan,Diabetes Melitus Tipe 2,E11,1034,tidak_menular,Dinas Kesehatan Provinsi Jawa Timur,2024-OFFICIAL
3508,Kabupaten Lumajang,2024,Q1,rawat_inap,Pneumonia,J18,361,menular,Dinas Kesehatan Provinsi Jawa Timur,2024-OFFICIAL
3508,Kabupaten Lumajang,2024,Q1,rawat_jalan,Demam Tifoid,A01,268,menular,Dinas Kesehatan Provinsi Jawa Timur,2024-OFFICIAL
3508,Kabupaten Lumajang,2024,Q1,rawat_inap,Penyakit Jantung Iskemik,I25,428,tidak_menular,Dinas Kesehatan Provinsi Jawa Timur,2024-OFFICIAL
3508,Kabupaten Lumajang,2024,Q1,rawat_jalan,Gastritis dan Duodenitis,K29,475,tidak_menular,Dinas Kesehatan Provinsi Jawa Timur,2024-OFFICIAL
3508,Kabupaten Lumajang,2024,Q2,rawat_jalan,Infeksi Saluran Pernapasan Akut (ISPA),J06,2089,menular,Dinas Kesehatan Provinsi Jawa Timur,2024-OFFICIAL
3508,Kabupaten Lumajang,2024,Q2,rawat_inap,Demam Berdarah Dengue (DBD),A90,553,menular,Dinas Kesehatan Provinsi Jawa Timur,2024-OFFICIAL
3508,Kabupaten Lumajang,2024,Q2,rawat_inap,Tuberkulosis Paru (TB),A15,420,menular,Dinas Kesehatan Provinsi Jawa Timur,2024-OFFICIAL
3508,Kabupaten Lumajang,2024,Q2,rawat_jalan,Diare dan Gastroenteritis,A09,1126,menular,Dinas Kesehatan Provinsi Jawa Timur,2024-OFFICIAL
3508,Kabupaten Lumajang,2024,Q2,rawat_jalan,Hipertensi Esensial,I10,842,tidak_menular,Dinas Kesehatan Provinsi Jawa Timur,2024-OFFICIAL
3508,Kabupaten Lumajang,2024,Q2,rawat_jalan,Diabetes Melitus Tipe 2,E11,577,tidak_menular,Dinas Kesehatan Provinsi Jawa Timur,2024-OFFICIAL
3508,Kabupaten Lumajang,2024,Q2,rawat_inap,Pneumonia,J18,243,menular,Dinas Kesehatan Provinsi Jawa Timur,2024-OFFICIAL
3508,Kabupaten Lumajang,2024,Q2,rawat_jalan,Demam Tifoid,A01,247,menular,Dinas Kesehatan Provinsi Jawa Timur,2024-OFFICIAL
3508,Kabupaten Lumajang,2024,Q2,rawat_inap,Penyakit Jantung Iskemik,I25,476,tidak_menular,Dinas Kesehatan Provinsi Jawa Timur,2024-OFFICIAL
3508,Kabupaten Lumajang,2024,Q2,rawat_jalan,Gastritis dan Duodenitis,K29,503,tidak_menular,Dinas Kesehatan Provinsi Jawa Timur,2024-OFFICIAL
3508,Kabupaten Lumajang,2024,Q3,rawat_jalan,Infeksi Saluran Pernapasan Akut (ISPA),J06,1213,menular,Dinas Kesehatan Provinsi Jawa Timur,2024-OFFICIAL
3508,Kabupaten Lumajang,2024,Q3,rawat_inap,Demam Berdarah Dengue (DBD),A90,535,menular,Dinas Kesehatan Provinsi Jawa Timur,2024-OFFICIAL
3508,Kabupaten Lumajang,2024,Q3,rawat_inap,Tuberkulosis Paru (TB),A15,155,menular,Dinas Kesehatan Provinsi Jawa Timur,2024-OFFICIAL
3508,Kabupaten Lumajang,2024,Q3,rawat_jalan,Diare dan Gastroenteritis,A09,1128,menular,Dinas Kesehatan Provinsi Jawa Timur,2024-OFFICIAL
3508,Kabupaten Lumajang,2024,Q3,rawat_jalan,Hipertensi Esensial,I10,1223,tidak_menular,Dinas Kesehatan Provinsi Jawa Timur,2024-OFFICIAL
3508,Kabupaten Lumajang,2024,Q3,rawat_jalan,Diabetes Melitus Tipe 2,E11,958,tidak_menular,Dinas Kesehatan Provinsi Jawa Timur,2024-OFFICIAL
3508,Kabupaten Lumajang,2024,Q3,rawat_inap,Pneumonia,J18,351,menular,Dinas Kesehatan Provinsi Jawa Timur,2024-OFFICIAL
3508,Kabupaten Lumajang,2024,Q3,rawat_jalan,Demam Tifoid,A01,249,menular,Dinas Kesehatan Provinsi Jawa Timur,2024-OFFICIAL
3508,Kabupaten Lumajang,2024,Q3,rawat_inap,Penyakit Jantung Iskemik,I25,254,tidak_menular,Dinas Kesehatan Provinsi Jawa Timur,2024-OFFICIAL
3508,Kabupaten Lumajang,2024,Q3,rawat_jalan,Gastritis dan Duodenitis,K29,629,tidak_menular,Dinas Kesehatan Provinsi Jawa Timur,2024-OFFICIAL
3508,Kabupaten Lumajang,2024,Q4,rawat_jalan,Infeksi Saluran Pernapasan Akut (ISPA),J06,1855,menular,Dinas Kesehatan Provinsi Jawa Timur,2024-OFFICIAL
3508,Kabupaten Lumajang,2024,Q4,rawat_inap,Demam Berdarah Dengue (DBD),A90,316,menular,Dinas Kesehatan Provinsi Jawa Timur,2024-OFFICIAL
3508,Kabupaten Lumajang,2024,Q4,rawat_inap,Tuberkulosis Paru (TB),A15,278,menular,Dinas Kesehatan Provinsi Jawa Timur,2024-OFFICIAL
3508,Kabupaten Lumajang,2024,Q4,rawat_jalan,Diare dan Gastroenteritis,A09,613,menular,Dinas Kesehatan Provinsi Jawa Timur,2024-OFFICIAL
3508,Kabupaten Lumajang,2024,Q4,rawat_jalan,Hipertensi Esensial,I10,1516,tidak_menular,Dinas Kesehatan Provinsi Jawa Timur,2024-OFFICIAL
3508,Kabupaten Lumajang,2024,Q4,rawat_jalan,Diabetes Melitus Tipe 2,E11,859,tidak_menular,Dinas Kesehatan Provinsi Jawa Timur,2024-OFFICIAL
3508,Kabupaten Lumajang,2024,Q4,rawat_inap,Pneumonia,J18,302,menular,Dinas Kesehatan Provinsi Jawa Timur,2024-OFFICIAL
3508,Kabupaten Lumajang,2024,Q4,rawat_jalan,Demam Tifoid,A01,227,menular,Dinas Kesehatan Provinsi Jawa Timur,2024-OFFICIAL
3508,Kabupaten Lumajang,2024,Q4,rawat_inap,Penyakit Jantung Iskemik,I25,357,tidak_menular,Dinas Kesehatan Provinsi Jawa Timur,2024-OFFICIAL
3508,Kabupaten Lumajang,2024,Q4,rawat_jalan,Gastritis dan Duodenitis,K29,978,tidak_menular,Dinas Kesehatan Provinsi Jawa Timur,2024-OFFICIAL
3509,Kabupaten Jember,2024,Q1,rawat_jalan,Infeksi Saluran Pernapasan Akut (ISPA),J06,2777,menular,Dinas Kesehatan Provinsi Jawa Timur,2024-OFFICIAL
3509,Kabupaten Jember,2024,Q1,rawat_inap,Demam Berdarah Dengue (DBD),A90,654,menular,Dinas Kesehatan Provinsi Jawa Timur,2024-OFFICIAL
3509,Kabupaten Jember,2024,Q1,rawat_inap,Tuberkulosis Paru (TB),A15,945,menular,Dinas Kesehatan Provinsi Jawa Timur,2024-OFFICIAL
3509,Kabupaten Jember,2024,Q1,rawat_jalan,Diare dan Gastroenteritis,A09,1283,menular,Dinas Kesehatan Provinsi Jawa Timur,2024-OFFICIAL
3509,Kabupaten Jember,2024,Q1,rawat_jalan,Hipertensi Esensial,I10,3219,tidak_menular,Dinas Kesehatan Provinsi Jawa Timur,2024-OFFICIAL
3509,Kabupaten Jember,2024,Q1,rawat_jalan,Diabetes Melitus Tipe 2,E11,1933,tidak_menular,Dinas Kesehatan Provinsi Jawa Timur,2024-OFFICIAL
3509,Kabupaten Jember,2024,Q1,rawat_inap,Pneumonia,J18,405,menular,Dinas Kesehatan Provinsi Jawa Timur,2024-OFFICIAL
3509,Kabupaten Jember,2024,Q1,rawat_jalan,Demam Tifoid,A01,763,menular,Dinas Kesehatan Provinsi Jawa Timur,2024-OFFICIAL
3509,Kabupaten Jember,2024,Q1,rawat_inap,Penyakit Jantung Iskemik,I25,994,tidak_menular,Dinas Kesehatan Provinsi Jawa Timur,2024-OFFICIAL
3509,Kabupaten Jember,2024,Q1,rawat_jalan,Gastritis dan Duodenitis,K29,1781,tidak_menular,Dinas Kesehatan Provinsi Jawa Timur,2024-OFFICIAL
3509,Kabupaten Jember,2024,Q2,rawat_jalan,Infeksi Saluran Pernapasan Akut (ISPA),J06,2806,menular,Dinas Kesehatan Provinsi Jawa Timur,2024-OFFICIAL
3509,Kabupaten Jember,2024,Q2,rawat_inap,Demam Berdarah Dengue (DBD),A90,1061,menular,Dinas Kesehatan Provinsi Jawa Timur,2024-OFFICIAL
3509,Kabupaten Jember,2024,Q2,rawat_inap,Tuberkulosis Paru (TB),A15,1144,menular,Dinas Kesehatan Provinsi Jawa Timur,2024-OFFICIAL
3509,Kabupaten Jember,2024,Q2,rawat_jalan,Diare dan Gastroenteritis,A09,1302,menular,Dinas Kesehatan Provinsi Jawa Timur,2024-OFFICIAL
3509,Kabupaten Jember,2024,Q2,rawat_jalan,Hipertensi Esensial,I10,3834,tidak_menular,Dinas Kesehatan Provinsi Jawa Timur,2024-OFFICIAL
3509,Kabupaten Jember,2024,Q2,rawat_jalan,Diabetes Melitus Tipe 2,E11,1405,tidak_menular,Dinas Kesehatan Provinsi Jawa Timur,2024-OFFICIAL
3509,Kabupaten Jember,2024,Q2,rawat_inap,Pneumonia,J18,458,menular,Dinas Kesehatan Provinsi Jawa Timur,2024-OFFICIAL
3509,Kabupaten Jember,2024,Q2,rawat_jalan,Demam Tifoid,A01,603,menular,Dinas Kesehatan Provinsi Jawa Timur,2024-OFFICIAL
3509,Kabupaten Jember,2024,Q2,rawat_inap,Penyakit Jantung Iskemik,I25,827,tidak_menular,Dinas Kesehatan Provinsi Jawa Timur,2024-OFFICIAL
3509,Kabupaten Jember,2024,Q2,rawat_jalan,Gastritis dan Duodenitis,K29,1813,tidak_menular,Dinas Kesehatan Provinsi Jawa Timur,2024-OFFICIAL
3509,Kabupaten Jember,2024,Q3,rawat_jalan,Infeksi Saluran Pernapasan Akut (ISPA),J06,4223,menular,Dinas Kesehatan Provinsi Jawa Timur,2024-OFFICIAL
3509,Kabupaten Jember,2024,Q3,rawat_inap,Demam Berdarah Dengue (DBD),A90,1063,menular,Dinas Kesehatan Provinsi Jawa Timur,2024-OFFICIAL
3509,Kabupaten Jember,2024,Q3,rawat_inap,Tuberkulosis Paru (TB),A15,792,menular,Dinas Kesehatan Provinsi Jawa Timur,2024-OFFICIAL
3509,Kabupaten Jember,2024,Q3,rawat_jalan,Diare dan Gastroenteritis,A09,1360,menular,Dinas Kesehatan Provinsi Jawa Timur,2024-OFFICIAL
3509,Kabupaten Jember,2024,Q3,rawat_jalan,Hipertensi Esensial,I10,2530,tidak_menular,Dinas Kesehatan Provinsi Jawa Timur,2024-OFFICIAL
3509,Kabupaten Jember,2024,Q3,rawat_jalan,Diabetes Melitus Tipe 2,E11,1405,tidak_menular,Dinas Kesehatan Provinsi Jawa Timur,2024-OFFICIAL
3509,Kabupaten Jember,2024,Q3,rawat_inap,Pneumonia,J18,883,menular,Dinas Kesehatan Provinsi Jawa Timur,2024-OFFICIAL
3509,Kabupaten Jember,2024,Q3,rawat_jalan,Demam Tifoid,A01,581,menular,Dinas Kesehatan Provinsi Jawa Timur,2024-OFFICIAL
3509,Kabupaten Jember,2024,Q3,rawat_inap,Penyakit Jantung Iskemik,I25,1032,tidak_menular,Dinas Kesehatan Provinsi Jawa Timur,2024-OFFICIAL
3509,Kabupaten Jember,2024,Q3,rawat_jalan,Gastritis dan Duodenitis,K29,1432,tidak_menular,Dinas Kesehatan Provinsi Jawa Timur,2024-OFFICIAL
3509,Kabupaten Jember,2024,Q4,rawat_jalan,Infeksi Saluran Pernapasan Akut (ISPA),J06,4668,menular,Dinas Kesehatan Provinsi Jawa Timur,2024-OFFICIAL
3509,Kabupaten Jember,2024,Q4,rawat_inap,Demam Berdarah Dengue (DBD),A90,886,menular,Dinas Kesehatan Provinsi Jawa Timur,2024-OFFICIAL
3509,Kabupaten Jember,2024,Q4,rawat_inap,Tuberkulosis Paru (TB),A15,1097,menular,Dinas Kesehatan Provinsi Jawa Timur,2024-OFFICIAL
3509,Kabupaten Jember,2024,Q4,rawat_jalan,Diare dan Gastroenteritis,A09,2340,menular,Dinas Kesehatan Provinsi Jawa Timur,2024-OFFICIAL
3509,Kabupaten Jember,2024,Q4,rawat_jalan,Hipertensi Esensial,I10,3962,tidak_menular,Dinas Kesehatan Provinsi Jawa Timur,2024-OFFICIAL
3509,Kabupaten Jember,2024,Q4,rawat_jalan,Diabetes Melitus Tipe 2,E11,1242,tidak_menular,Dinas Kesehatan Provinsi Jawa Timur,2024-OFFICIAL
3509,Kabupaten Jember,2024,Q4,rawat_inap,Pneumonia,J18,703,menular,Dinas Kesehatan Provinsi Jawa Timur,2024-OFFICIAL
3509,Kabupaten Jember,2024,Q4,rawat_jalan,Demam Tifoid,A01,532,menular,Dinas Kesehatan Provinsi Jawa Timur,2024-OFFICIAL
3509,Kabupaten Jember,2024,Q4,rawat_inap,Penyakit Jantung Iskemik,I25,848,tidak_menular,Dinas Kesehatan Provinsi Jawa Timur,2024-OFFICIAL
3509,Kabupaten Jember,2024,Q4,rawat_jalan,Gastritis dan Duodenitis,K29,1440,tidak_menular,Dinas Kesehatan Provinsi Jawa Timur,2024-OFFICIAL
3510,Kabupaten Banyuwangi,2024,Q1,rawat_jalan,Infeksi Saluran Pernapasan Akut (ISPA),J06,1679,menular,Dinas Kesehatan Provinsi Jawa Timur,2024-OFFICIAL
3510,Kabupaten Banyuwangi,2024,Q1,rawat_inap,Demam Berdarah Dengue (DBD),A90,625,menular,Dinas Kesehatan Provinsi Jawa Timur,2024-OFFICIAL
3510,Kabupaten Banyuwangi,2024,Q1,rawat_inap,Tuberkulosis Paru (TB),A15,358,menular,Dinas Kesehatan Provinsi Jawa Timur,2024-OFFICIAL
3510,Kabupaten Banyuwangi,2024,Q1,rawat_jalan,Diare dan Gastroenteritis,A09,1257,menular,Dinas Kesehatan Provinsi Jawa Timur,2024-OFFICIAL
3510,Kabupaten Banyuwangi,2024,Q1,rawat_jalan,Hipertensi Esensial,I10,2372,tidak_menular,Dinas Kesehatan Provinsi Jawa Timur,2024-OFFICIAL
3510,Kabupaten Banyuwangi,2024,Q1,rawat_jalan,Diabetes Melitus Tipe 2,E11,923,tidak_menular,Dinas Kesehatan Provinsi Jawa Timur,2024-OFFICIAL
3510,Kabupaten Banyuwangi,2024,Q1,rawat_inap,Pneumonia,J18,392,menular,Dinas Kesehatan Provinsi Jawa Timur,2024-OFFICIAL
3510,Kabupaten Banyuwangi,2024,Q1,rawat_jalan,Demam Tifoid,A01,562,menular,Dinas Kesehatan Provinsi Jawa Timur,2024-OFFICIAL
3510,Kabupaten Banyuwangi,2024,Q1,rawat_inap,Penyakit Jantung Iskemik,I25,728,tidak_menular,Dinas Kesehatan Provinsi Jawa Timur,2024-OFFICIAL
3510,Kabupaten Banyuwangi,2024,Q1,rawat_jalan,Gastritis dan Duodenitis,K29,1490,tidak_menular,Dinas Kesehatan Provinsi Jawa Timur,2024-OFFICIAL
3510,Kabupaten Banyuwangi,2024,Q2,rawat_jalan,Infeksi Saluran Pernapasan Akut (ISPA),J06,1937,menular,Dinas Kesehatan Provinsi Jawa Timur,2024-OFFICIAL
3510,Kabupaten Banyuwangi,2024,Q2,rawat_inap,Demam Berdarah Dengue (DBD),A90,538,menular,Dinas Kesehatan Provinsi Jawa Timur,2024-OFFICIAL
3510,Kabupaten Banyuwangi,2024,Q2,rawat_inap,Tuberkulosis Paru (TB),A15,447,menular,Dinas Kesehatan Provinsi Jawa Timur,2024-OFFICIAL
3510,Kabupaten Banyuwangi,2024,Q2,rawat_jalan,Diare dan Gastroenteritis,A09,1071,menular,Dinas Kesehatan Provinsi Jawa Timur,2024-OFFICIAL
3510,Kabupaten Banyuwangi,2024,Q2,rawat_jalan,Hipertensi Esensial,I10,2995,tidak_menular,Dinas Kesehatan Provinsi Jawa Timur,2024-OFFICIAL
3510,Kabupaten Banyuwangi,2024,Q2,rawat_jalan,Diabetes Melitus Tipe 2,E11,1885,tidak_menular,Dinas Kesehatan Provinsi Jawa Timur,2024-OFFICIAL
3510,Kabupaten Banyuwangi,2024,Q2,rawat_inap,Pneumonia,J18,276,menular,Dinas Kesehatan Provinsi Jawa Timur,2024-OFFICIAL
3510,Kabupaten Banyuwangi,2024,Q2,rawat_jalan,Demam Tifoid,A01,773,menular,Dinas Kesehatan Provinsi Jawa Timur,2024-OFFICIAL
3510,Kabupaten Banyuwangi,2024,Q2,rawat_inap,Penyakit Jantung Iskemik,I25,691,tidak_menular,Dinas Kesehatan Provinsi Jawa Timur,2024-OFFICIAL
3510,Kabupaten Banyuwangi,2024,Q2,rawat_jalan,Gastritis dan Duodenitis,K29,1421,tidak_menular,Dinas Kesehatan Provinsi Jawa Timur,2024-OFFICIAL
3510,Kabupaten Banyuwangi,2024,Q3,rawat_jalan,Infeksi Saluran Pernapasan Akut (ISPA),J06,2236,menular,Dinas Kesehatan Provinsi Jawa Timur,2024-OFFICIAL
3510,Kabupaten Banyuwangi,2024,Q3,rawat_inap,Demam Berdarah Dengue (DBD),A90,270,menular,Dinas Kesehatan Provinsi Jawa Timur,2024-OFFICIAL
3510,Kabupaten Banyuwangi,2024,Q3,rawat_inap,Tuberkulosis Paru (TB),A15,591,menular,Dinas Kesehatan Provinsi Jawa Timur,2024-OFFICIAL
3510,Kabupaten Banyuwangi,2024,Q3,rawat_jalan,Diare dan Gastroenteritis,A09,911,menular,Dinas Kesehatan Provinsi Jawa Timur,2024-OFFICIAL
3510,Kabupaten Banyuwangi,2024,Q3,rawat_jalan,Hipertensi Esensial,I10,2565,tidak_menular,Dinas Kesehatan Provinsi Jawa Timur,2024-OFFICIAL
3510,Kabupaten Banyuwangi,2024,Q3,rawat_jalan,Diabetes Melitus Tipe 2,E11,922,tidak_menular,Dinas Kesehatan Provinsi Jawa Timur,2024-OFFICIAL
3510,Kabupaten Banyuwangi,2024,Q3,rawat_inap,Pneumonia,J18,431,menular,Dinas Kesehatan Provinsi Jawa Timur,2024-OFFICIAL
3510,Kabupaten Banyuwangi,2024,Q3,rawat_jalan,Demam Tifoid,A01,392,menular,Dinas Kesehatan Provinsi Jawa Timur,2024-OFFICIAL
3510,Kabupaten Banyuwangi,2024,Q3,rawat_inap,Penyakit Jantung Iskemik,I25,562,tidak_menular,Dinas Kesehatan Provinsi Jawa Timur,2024-OFFICIAL
3510,Kabupaten Banyuwangi,2024,Q3,rawat_jalan,Gastritis dan Duodenitis,K29,823,tidak_menular,Dinas Kesehatan Provinsi Jawa Timur,2024-OFFICIAL
3510,Kabupaten Banyuwangi,2024,Q4,rawat_jalan,Infeksi Saluran Pernapasan Akut (ISPA),J06,1498,menular,Dinas Kesehatan Provinsi Jawa Timur,2024-OFFICIAL
3510,Kabupaten Banyuwangi,2024,Q4,rawat_inap,Demam Berdarah Dengue (DBD),A90,915,menular,Dinas Kesehatan Provinsi Jawa Timur,2024-OFFICIAL
3510,Kabupaten Banyuwangi,2024,Q4,rawat_inap,Tuberkulosis Paru (TB),A15,625,menular,Dinas Kesehatan Provinsi Jawa Timur,2024-OFFICIAL
3510,Kabupaten Banyuwangi,2024,Q4,rawat_jalan,Diare dan Gastroenteritis,A09,1467,menular,Dinas Kesehatan Provinsi Jawa Timur,2024-OFFICIAL
3510,Kabupaten Banyuwangi,2024,Q4,rawat_jalan,Hipertensi Esensial,I10,1863,tidak_menular,Dinas Kesehatan Provinsi Jawa Timur,2024-OFFICIAL
3510,Kabupaten Banyuwangi,2024,Q4,rawat_jalan,Diabetes Melitus Tipe 2,E11,1293,tidak_menular,Dinas Kesehatan Provinsi Jawa Timur,2024-OFFICIAL
3510,Kabupaten Banyuwangi,2024,Q4,rawat_inap,Pneumonia,J18,430,menular,Dinas Kesehatan Provinsi Jawa Timur,2024-OFFICIAL
3510,Kabupaten Banyuwangi,2024,Q4,rawat_jalan,Demam Tifoid,A01,460,menular,Dinas Kesehatan Provinsi Jawa Timur,2024-OFFICIAL
3510,Kabupaten Banyuwangi,2024,Q4,rawat_inap,Penyakit Jantung Iskemik,I25,610,tidak_menular,Dinas Kesehatan Provinsi Jawa Timur,2024-OFFICIAL
3510,Kabupaten Banyuwangi,2024,Q4,rawat_jalan,Gastritis dan Duodenitis,K29,703,tidak_menular,Dinas Kesehatan Provinsi Jawa Timur,2024-OFFICIAL
3511,Kabupaten Bondowoso,2024,Q1,rawat_jalan,Infeksi Saluran Pernapasan Akut (ISPA),J06,774,menular,Dinas Kesehatan Provinsi Jawa Timur,2024-OFFICIAL
3511,Kabupaten Bondowoso,2024,Q1,rawat_inap,Demam Berdarah Dengue (DBD),A90,223,menular,Dinas Kesehatan Provinsi Jawa Timur,2024-OFFICIAL
3511,Kabupaten Bondowoso,2024,Q1,rawat_inap,Tuberkulosis Paru (TB),A15,216,menular,Dinas Kesehatan Provinsi Jawa Timur,2024-OFFICIAL
3511,Kabupaten Bondowoso,2024,Q1,rawat_jalan,Diare dan Gastroenteritis,A09,636,menular,Dinas Kesehatan Provinsi Jawa Timur,2024-OFFICIAL
3511,Kabupaten Bondowoso,2024,Q1,rawat_jalan,Hipertensi Esensial,I10,1154,tidak_menular,Dinas Kesehatan Provinsi Jawa Timur,2024-OFFICIAL
3511,Kabupaten Bondowoso,2024,Q1,rawat_jalan,Diabetes Melitus Tipe 2,E11,686,tidak_menular,Dinas Kesehatan Provinsi Jawa Timur,2024-OFFICIAL
3511,Kabupaten Bondowoso,2024,Q1,rawat_inap,Pneumonia,J18,170,menular,Dinas Kesehatan Provinsi Jawa Timur,2024-OFFICIAL
3511,Kabupaten Bondowoso,2024,Q1,rawat_jalan,Demam Tifoid,A01,358,menular,Dinas Kesehatan Provinsi Jawa Timur,2024-OFFICIAL
3511,Kabupaten Bondowoso,2024,Q1,rawat_inap,Penyakit Jantung Iskemik,I25,240,tidak_menular,Dinas Kesehatan Provinsi Jawa Timur,2024-OFFICIAL
3511,Kabupaten Bondowoso,2024,Q1,rawat_jalan,Gastritis dan Duodenitis,K29,481,tidak_menular,Dinas Kesehatan Provinsi Jawa Timur,2024-OFFICIAL
3511,Kabupaten Bondowoso,2024,Q2,rawat_jalan,Infeksi Saluran Pernapasan Akut (ISPA),J06,827,menular,Dinas Kesehatan Provinsi Jawa Timur,2024-OFFICIAL
3511,Kabupaten Bondowoso,2024,Q2,rawat_inap,Demam Berdarah Dengue (DBD),A90,377,menular,Dinas Kesehatan Provinsi Jawa Timur,2024-OFFICIAL
3511,Kabupaten Bondowoso,2024,Q2,rawat_inap,Tuberkulosis Paru (TB),A15,91,menular,Dinas Kesehatan Provinsi Jawa Timur,2024-OFFICIAL
3511,Kabupaten Bondowoso,2024,Q2,rawat_jalan,Diare dan Gastroenteritis,A09,749,menular,Dinas Kesehatan Provinsi Jawa Timur,2024-OFFICIAL
3511,Kabupaten Bondowoso,2024,Q2,rawat_jalan,Hipertensi Esensial,I10,1116,tidak_menular,Dinas Kesehatan Provinsi Jawa Timur,2024-OFFICIAL
3511,Kabupaten Bondowoso,2024,Q2,rawat_jalan,Diabetes Melitus Tipe 2,E11,934,tidak_menular,Dinas Kesehatan Provinsi Jawa Timur,2024-OFFICIAL
3511,Kabupaten Bondowoso,2024,Q2,rawat_inap,Pneumonia,J18,245,menular,Dinas Kesehatan Provinsi Jawa Timur,2024-OFFICIAL
3511,Kabupaten Bondowoso,2024,Q2,rawat_jalan,Demam Tifoid,A01,275,menular,Dinas Kesehatan Provinsi Jawa Timur,2024-OFFICIAL
3511,Kabupaten Bondowoso,2024,Q2,rawat_inap,Penyakit Jantung Iskemik,I25,277,tidak_menular,Dinas Kesehatan Provinsi Jawa Timur,2024-OFFICIAL
3511,Kabupaten Bondowoso,2024,Q2,rawat_jalan,Gastritis dan Duodenitis,K29,439,tidak_menular,Dinas Kesehatan Provinsi Jawa Timur,2024-OFFICIAL
3511,Kabupaten Bondowoso,2024,Q3,rawat_jalan,Infeksi Saluran Pernapasan Akut (ISPA),J06,903,menular,Dinas Kesehatan Provinsi Jawa Timur,2024-OFFICIAL
3511,Kabupaten Bondowoso,2024,Q3,rawat_inap,Demam Berdarah Dengue (DBD),A90,442,menular,Dinas Kesehatan Provinsi Jawa Timur,2024-OFFICIAL
3511,Kabupaten Bondowoso,2024,Q3,rawat_inap,Tuberkulosis Paru (TB),A15,186,menular,Dinas Kesehatan Provinsi Jawa Timur,2024-OFFICIAL
3511,Kabupaten Bondowoso,2024,Q3,rawat_jalan,Diare dan Gastroenteritis,A09,703,menular,Dinas Kesehatan Provinsi Jawa Timur,2024-OFFICIAL
3511,Kabupaten Bondowoso,2024,Q3,rawat_jalan,Hipertensi Esensial,I10,552,tidak_menular,Dinas Kesehatan Provinsi Jawa Timur,2024-OFFICIAL
3511,Kabupaten Bondowoso,2024,Q3,rawat_jalan,Diabetes Melitus Tipe 2,E11,406,tidak_menular,Dinas Kesehatan Provinsi Jawa Timur,2024-OFFICIAL
3511,Kabupaten Bondowoso,2024,Q3,rawat_inap,Pneumonia,J18,244,menular,Dinas Kesehatan Provinsi Jawa Timur,2024-OFFICIAL
3511,Kabupaten Bondowoso,2024,Q3,rawat_jalan,Demam Tifoid,A01,305,menular,Dinas Kesehatan Provinsi Jawa Timur,2024-OFFICIAL
3511,Kabupaten Bondowoso,2024,Q3,rawat_inap,Penyakit Jantung Iskemik,I25,291,tidak_menular,Dinas Kesehatan Provinsi Jawa Timur,2024-OFFICIAL
3511,Kabupaten Bondowoso,2024,Q3,rawat_jalan,Gastritis dan Duodenitis,K29,533,tidak_menular,Dinas Kesehatan Provinsi Jawa Timur,2024-OFFICIAL
3511,Kabupaten Bondowoso,2024,Q4,rawat_jalan,Infeksi Saluran Pernapasan Akut (ISPA),J06,770,menular,Dinas Kesehatan Provinsi Jawa Timur,2024-OFFICIAL
3511,Kabupaten Bondowoso,2024,Q4,rawat_inap,Demam Berdarah Dengue (DBD),A90,289,menular,Dinas Kesehatan Provinsi Jawa Timur,2024-OFFICIAL
3511,Kabupaten Bondowoso,2024,Q4,rawat_inap,Tuberkulosis Paru (TB),A15,218,menular,Dinas Kesehatan Provinsi Jawa Timur,2024-OFFICIAL
3511,Kabupaten Bondowoso,2024,Q4,rawat_jalan,Diare dan Gastroenteritis,A09,623,menular,Dinas Kesehatan Provinsi Jawa Timur,2024-OFFICIAL
3511,Kabupaten Bondowoso,2024,Q4,rawat_jalan,Hipertensi Esensial,I10,1389,tidak_menular,Dinas Kesehatan Provinsi Jawa Timur,2024-OFFICIAL
3511,Kabupaten Bondowoso,2024,Q4,rawat_jalan,Diabetes Melitus Tipe 2,E11,611,tidak_menular,Dinas Kesehatan Provinsi Jawa Timur,2024-OFFICIAL
3511,Kabupaten Bondowoso,2024,Q4,rawat_inap,Pneumonia,J18,219,menular,Dinas Kesehatan Provinsi Jawa Timur,2024-OFFICIAL
3511,Kabupaten Bondowoso,2024,Q4,rawat_jalan,Demam Tifoid,A01,309,menular,Dinas Kesehatan Provinsi Jawa Timur,2024-OFFICIAL
3511,Kabupaten Bondowoso,2024,Q4,rawat_inap,Penyakit Jantung Iskemik,I25,140,tidak_menular,Dinas Kesehatan Provinsi Jawa Timur,2024-OFFICIAL
3511,Kabupaten Bondowoso,2024,Q4,rawat_jalan,Gastritis dan Duodenitis,K29,687,tidak_menular,Dinas Kesehatan Provinsi Jawa Timur,2024-OFFICIAL
3512,Kabupaten Situbondo,2024,Q1,rawat_jalan,Infeksi Saluran Pernapasan Akut (ISPA),J06,891,menular,Dinas Kesehatan Provinsi Jawa Timur,2024-OFFICIAL
3512,Kabupaten Situbondo,2024,Q1,rawat_inap,Demam Berdarah Dengue (DBD),A90,399,menular,Dinas Kesehatan Provinsi Jawa Timur,2024-OFFICIAL
3512,Kabupaten Situbondo,2024,Q1,rawat_inap,Tuberkulosis Paru (TB),A15,278,menular,Dinas Kesehatan Provinsi Jawa Timur,2024-OFFICIAL
3512,Kabupaten Situbondo,2024,Q1,rawat_jalan,Diare dan Gastroenteritis,A09,418,menular,Dinas Kesehatan Provinsi Jawa Timur,2024-OFFICIAL
3512,Kabupaten Situbondo,2024,Q1,rawat_jalan,Hipertensi Esensial,I10,932,tidak_menular,Dinas Kesehatan Provinsi Jawa Timur,2024-OFFICIAL
3512,Kabupaten Situbondo,2024,Q1,rawat_jalan,Diabetes Melitus Tipe 2,E11,645,tidak_menular,Dinas Kesehatan Provinsi Jawa Timur,2024-OFFICIAL
3512,Kabupaten Situbondo,2024,Q1,rawat_inap,Pneumonia,J18,194,menular,Dinas Kesehatan Provinsi Jawa Timur,2024-OFFICIAL
3512,Kabupaten Situbondo,2024,Q1,rawat_jalan,Demam Tifoid,A01,192,menular,Dinas Kesehatan Provinsi Jawa Timur,2024-OFFICIAL
3512,Kabupaten Situbondo,2024,Q1,rawat_inap,Penyakit Jantung Iskemik,I25,142,tidak_menular,Dinas Kesehatan Provinsi Jawa Timur,2024-OFFICIAL
3512,Kabupaten Situbondo,2024,Q1,rawat_jalan,Gastritis dan Duodenitis,K29,317,tidak_menular,Dinas Kesehatan Provinsi Jawa Timur,2024-OFFICIAL
3512,Kabupaten Situbondo,2024,Q2,rawat_jalan,Infeksi Saluran Pernapasan Akut (ISPA),J06,849,menular,Dinas Kesehatan Provinsi Jawa Timur,2024-OFFICIAL
3512,Kabupaten Situbondo,2024,Q2,rawat_inap,Demam Berdarah Dengue (DBD),A90,399,menular,Dinas Kesehatan Provinsi Jawa Timur,2024-OFFICIAL
3512,Kabupaten Situbondo,2024,Q2,rawat_inap,Tuberkulosis Paru (TB),A15,169,menular,Dinas Kesehatan Provinsi Jawa Timur,2024-OFFICIAL
3512,Kabupaten Situbondo,2024,Q2,rawat_jalan,Diare dan Gastroenteritis,A09,588,menular,Dinas Kesehatan Provinsi Jawa Timur,2024-OFFICIAL
3512,Kabupaten Situbondo,2024,Q2,rawat_jalan,Hipertensi Esensial,I10,1231,tidak_menular,Dinas Kesehatan Provinsi Jawa Timur,2024-OFFICIAL
3512,Kabupaten Situbondo,2024,Q2,rawat_jalan,Diabetes Melitus Tipe 2,E11,390,tidak_menular,Dinas Kesehatan Provinsi Jawa Timur,2024-OFFICIAL
3512,Kabupaten Situbondo,2024,Q2,rawat_inap,Pneumonia,J18,144,menular,Dinas Kesehatan Provinsi Jawa Timur,2024-OFFICIAL
3512,Kabupaten Situbondo,2024,Q2,rawat_jalan,Demam Tifoid,A01,332,menular,Dinas Kesehatan Provinsi Jawa Timur,2024-OFFICIAL
3512,Kabupaten Situbondo,2024,Q2,rawat_inap,Penyakit Jantung Iskemik,I25,177,tidak_menular,Dinas Kesehatan Provinsi Jawa Timur,2024-OFFICIAL
3512,Kabupaten Situbondo,2024,Q2,rawat_jalan,Gastritis dan Duodenitis,K29,531,tidak_menular,Dinas Kesehatan Provinsi Jawa Timur,2024-OFFICIAL
3512,Kabupaten Situbondo,2024,Q3,rawat_jalan,Infeksi Saluran Pernapasan Akut (ISPA),J06,1190,menular,Dinas Kesehatan Provinsi Jawa Timur,2024-OFFICIAL
3512,Kabupaten Situbondo,2024,Q3,rawat_inap,Demam Berdarah Dengue (DBD),A90,405,menular,Dinas Kesehatan Provinsi Jawa Timur,2024-OFFICIAL
3512,Kabupaten Situbondo,2024,Q3,rawat_inap,Tuberkulosis Paru (TB),A15,92,menular,Dinas Kesehatan Provinsi Jawa Timur,2024-OFFICIAL
3512,Kabupaten Situbondo,2024,Q3,rawat_jalan,Diare dan Gastroenteritis,A09,447,menular,Dinas Kesehatan Provinsi Jawa Timur,2024-OFFICIAL
3512,Kabupaten Situbondo,2024,Q3,rawat_jalan,Hipertensi Esensial,I10,1143,tidak_menular,Dinas Kesehatan Provinsi Jawa Timur,2024-OFFICIAL
3512,Kabupaten Situbondo,2024,Q3,rawat_jalan,Diabetes Melitus Tipe 2,E11,480,tidak_menular,Dinas Kesehatan Provinsi Jawa Timur,2024-OFFICIAL
3512,Kabupaten Situbondo,2024,Q3,rawat_inap,Pneumonia,J18,111,menular,Dinas Kesehatan Provinsi Jawa Timur,2024-OFFICIAL
3512,Kabupaten Situbondo,2024,Q3,rawat_jalan,Demam Tifoid,A01,296,menular,Dinas Kesehatan Provinsi Jawa Timur,2024-OFFICIAL
3512,Kabupaten Situbondo,2024,Q3,rawat_inap,Penyakit Jantung Iskemik,I25,145,tidak_menular,Dinas Kesehatan Provinsi Jawa Timur,2024-OFFICIAL
3512,Kabupaten Situbondo,2024,Q3,rawat_jalan,Gastritis dan Duodenitis,K29,491,tidak_menular,Dinas Kesehatan Provinsi Jawa Timur,2024-OFFICIAL
3512,Kabupaten Situbondo,2024,Q4,rawat_jalan,Infeksi Saluran Pernapasan Akut (ISPA),J06,1213,menular,Dinas Kesehatan Provinsi Jawa Timur,2024-OFFICIAL
3512,Kabupaten Situbondo,2024,Q4,rawat_inap,Demam Berdarah Dengue (DBD),A90,341,menular,Dinas Kesehatan Provinsi Jawa Timur,2024-OFFICIAL
3512,Kabupaten Situbondo,2024,Q4,rawat_inap,Tuberkulosis Paru (TB),A15,240,menular,Dinas Kesehatan Provinsi Jawa Timur,2024-OFFICIAL
3512,Kabupaten Situbondo,2024,Q4,rawat_jalan,Diare dan Gastroenteritis,A09,412,menular,Dinas Kesehatan Provinsi Jawa Timur,2024-OFFICIAL
3512,Kabupaten Situbondo,2024,Q4,rawat_jalan,Hipertensi Esensial,I10,915,tidak_menular,Dinas Kesehatan Provinsi Jawa Timur,2024-OFFICIAL
3512,Kabupaten Situbondo,2024,Q4,rawat_jalan,Diabetes Melitus Tipe 2,E11,616,tidak_menular,Dinas Kesehatan Provinsi Jawa Timur,2024-OFFICIAL
3512,Kabupaten Situbondo,2024,Q4,rawat_inap,Pneumonia,J18,125,menular,Dinas Kesehatan Provinsi Jawa Timur,2024-OFFICIAL
3512,Kabupaten Situbondo,2024,Q4,rawat_jalan,Demam Tifoid,A01,296,menular,Dinas Kesehatan Provinsi Jawa Timur,2024-OFFICIAL
3512,Kabupaten Situbondo,2024,Q4,rawat_inap,Penyakit Jantung Iskemik,I25,287,tidak_menular,Dinas Kesehatan Provinsi Jawa Timur,2024-OFFICIAL
3512,Kabupaten Situbondo,2024,Q4,rawat_jalan,Gastritis dan Duodenitis,K29,590,tidak_menular,Dinas Kesehatan Provinsi Jawa Timur,2024-OFFICIAL
3513,Kabupaten Probolinggo,2024,Q1,rawat_jalan,Infeksi Saluran Pernapasan Akut (ISPA),J06,1640,menular,Dinas Kesehatan Provinsi Jawa Timur,2024-OFFICIAL
3513,Kabupaten Probolinggo,2024,Q1,rawat_inap,Demam Berdarah Dengue (DBD),A90,540,menular,Dinas Kesehatan Provinsi Jawa Timur,2024-OFFICIAL
3513,Kabupaten Probolinggo,2024,Q1,rawat_inap,Tuberkulosis Paru (TB),A15,506,menular,Dinas Kesehatan Provinsi Jawa Timur,2024-OFFICIAL
3513,Kabupaten Probolinggo,2024,Q1,rawat_jalan,Diare dan Gastroenteritis,A09,913,menular,Dinas Kesehatan Provinsi Jawa Timur,2024-OFFICIAL
3513,Kabupaten Probolinggo,2024,Q1,rawat_jalan,Hipertensi Esensial,I10,1344,tidak_menular,Dinas Kesehatan Provinsi Jawa Timur,2024-OFFICIAL
3513,Kabupaten Probolinggo,2024,Q1,rawat_jalan,Diabetes Melitus Tipe 2,E11,789,tidak_menular,Dinas Kesehatan Provinsi Jawa Timur,2024-OFFICIAL
3513,Kabupaten Probolinggo,2024,Q1,rawat_inap,Pneumonia,J18,156,menular,Dinas Kesehatan Provinsi Jawa Timur,2024-OFFICIAL
3513,Kabupaten Probolinggo,2024,Q1,rawat_jalan,Demam Tifoid,A01,530,menular,Dinas Kesehatan Provinsi Jawa Timur,2024-OFFICIAL
3513,Kabupaten Probolinggo,2024,Q1,rawat_inap,Penyakit Jantung Iskemik,I25,520,tidak_menular,Dinas Kesehatan Provinsi Jawa Timur,2024-OFFICIAL
3513,Kabupaten Probolinggo,2024,Q1,rawat_jalan,Gastritis dan Duodenitis,K29,752,tidak_menular,Dinas Kesehatan Provinsi Jawa Timur,2024-OFFICIAL
3513,Kabupaten Probolinggo,2024,Q2,rawat_jalan,Infeksi Saluran Pernapasan Akut (ISPA),J06,2037,menular,Dinas Kesehatan Provinsi Jawa Timur,2024-OFFICIAL
3513,Kabupaten Probolinggo,2024,Q2,rawat_inap,Demam Berdarah Dengue (DBD),A90,642,menular,Dinas Kesehatan Provinsi Jawa Timur,2024-OFFICIAL
3513,Kabupaten Probolinggo,2024,Q2,rawat_inap,Tuberkulosis Paru (TB),A15,135,menular,Dinas Kesehatan Provinsi Jawa Timur,2024-OFFICIAL
3513,Kabupaten Probolinggo,2024,Q2,rawat_jalan,Diare dan Gastroenteritis,A09,768,menular,Dinas Kesehatan Provinsi Jawa Timur,2024-OFFICIAL
3513,Kabupaten Probolinggo,2024,Q2,rawat_jalan,Hipertensi Esensial,I10,1497,tidak_menular,Dinas Kesehatan Provinsi Jawa Timur,2024-OFFICIAL
3513,Kabupaten Probolinggo,2024,Q2,rawat_jalan,Diabetes Melitus Tipe 2,E11,1055,tidak_menular,Dinas Kesehatan Provinsi Jawa Timur,2024-OFFICIAL
3513,Kabupaten Probolinggo,2024,Q2,rawat_inap,Pneumonia,J18,180,menular,Dinas Kesehatan Provinsi Jawa Timur,2024-OFFICIAL
3513,Kabupaten Probolinggo,2024,Q2,rawat_jalan,Demam Tifoid,A01,389,menular,Dinas Kesehatan Provinsi Jawa Timur,2024-OFFICIAL
3513,Kabupaten Probolinggo,2024,Q2,rawat_inap,Penyakit Jantung Iskemik,I25,292,tidak_menular,Dinas Kesehatan Provinsi Jawa Timur,2024-OFFICIAL
3513,Kabupaten Probolinggo,2024,Q2,rawat_jalan,Gastritis dan Duodenitis,K29,440,tidak_menular,Dinas Kesehatan Provinsi Jawa Timur,2024-OFFICIAL
3513,Kabupaten Probolinggo,2024,Q3,rawat_jalan,Infeksi Saluran Pernapasan Akut (ISPA),J06,1938,menular,Dinas Kesehatan Provinsi Jawa Timur,2024-OFFICIAL
3513,Kabupaten Probolinggo,2024,Q3,rawat_inap,Demam Berdarah Dengue (DBD),A90,574,menular,Dinas Kesehatan Provinsi Jawa Timur,2024-OFFICIAL
3513,Kabupaten Probolinggo,2024,Q3,rawat_inap,Tuberkulosis Paru (TB),A15,502,menular,Dinas Kesehatan Provinsi Jawa Timur,2024-OFFICIAL
3513,Kabupaten Probolinggo,2024,Q3,rawat_jalan,Diare dan Gastroenteritis,A09,1005,menular,Dinas Kesehatan Provinsi Jawa Timur,2024-OFFICIAL
3513,Kabupaten Probolinggo,2024,Q3,rawat_jalan,Hipertensi Esensial,I10,1828,tidak_menular,Dinas Kesehatan Provinsi Jawa Timur,2024-OFFICIAL
3513,Kabupaten Probolinggo,2024,Q3,rawat_jalan,Diabetes Melitus Tipe 2,E11,1096,tidak_menular,Dinas Kesehatan Provinsi Jawa Timur,2024-OFFICIAL
3513,Kabupaten Probolinggo,2024,Q3,rawat_inap,Pneumonia,J18,196,menular,Dinas Kesehatan Provinsi Jawa Timur,2024-OFFICIAL
3513,Kabupaten Probolinggo,2024,Q3,rawat_jalan,Demam Tifoid,A01,343,menular,Dinas Kesehatan Provinsi Jawa Timur,2024-OFFICIAL
3513,Kabupaten Probolinggo,2024,Q3,rawat_inap,Penyakit Jantung Iskemik,I25,240,tidak_menular,Dinas Kesehatan Provinsi Jawa Timur,2024-OFFICIAL
3513,Kabupaten Probolinggo,2024,Q3,rawat_jalan,Gastritis dan Duodenitis,K29,732,tidak_menular,Dinas Kesehatan Provinsi Jawa Timur,2024-OFFICIAL
3513,Kabupaten Probolinggo,2024,Q4,rawat_jalan,Infeksi Saluran Pernapasan Akut (ISPA),J06,2042,menular,Dinas Kesehatan Provinsi Jawa Timur,2024-OFFICIAL
3513,Kabupaten Probolinggo,2024,Q4,rawat_inap,Demam Berdarah Dengue (DBD),A90,463,menular,Dinas Kesehatan Provinsi Jawa Timur,2024-OFFICIAL
3513,Kabupaten Probolinggo,2024,Q4,rawat_inap,Tuberkulosis Paru (TB),A15,128,menular,Dinas Kesehatan Provinsi Jawa Timur,2024-OFFICIAL
3513,Kabupaten Probolinggo,2024,Q4,rawat_jalan,Diare dan Gastroenteritis,A09,525,menular,Dinas Kesehatan Provinsi Jawa Timur,2024-OFFICIAL
3513,Kabupaten Probolinggo,2024,Q4,rawat_jalan,Hipertensi Esensial,I10,1665,tidak_menular,Dinas Kesehatan Provinsi Jawa Timur,2024-OFFICIAL
3513,Kabupaten Probolinggo,2024,Q4,rawat_jalan,Diabetes Melitus Tipe 2,E11,1053,tidak_menular,Dinas Kesehatan Provinsi Jawa Timur,2024-OFFICIAL
3513,Kabupaten Probolinggo,2024,Q4,rawat_inap,Pneumonia,J18,296,menular,Dinas Kesehatan Provinsi Jawa Timur,2024-OFFICIAL
3513,Kabupaten Probolinggo,2024,Q4,rawat_jalan,Demam Tifoid,A01,325,menular,Dinas Kesehatan Provinsi Jawa Timur,2024-OFFICIAL
3513,Kabupaten Probolinggo,2024,Q4,rawat_inap,Penyakit Jantung Iskemik,I25,243,tidak_menular,Dinas Kesehatan Provinsi Jawa Timur,2024-OFFICIAL
3513,Kabupaten Probolinggo,2024,Q4,rawat_jalan,Gastritis dan Duodenitis,K29,853,tidak_menular,Dinas Kesehatan Provinsi Jawa Timur,2024-OFFICIAL
3514,Kabupaten Pasuruan,2024,Q1,rawat_jalan,Infeksi Saluran Pernapasan Akut (ISPA),J06,1774,menular,Dinas Kesehatan Provinsi Jawa Timur,2024-OFFICIAL
3514,Kabupaten Pasuruan,2024,Q1,rawat_inap,Demam Berdarah Dengue (DBD),A90,558,menular,Dinas Kesehatan Provinsi Jawa Timur,2024-OFFICIAL
3514,Kabupaten Pasuruan,2024,Q1,rawat_inap,Tuberkulosis Paru (TB),A15,577,menular,Dinas Kesehatan Provinsi Jawa Timur,2024-OFFICIAL
3514,Kabupaten Pasuruan,2024,Q1,rawat_jalan,Diare dan Gastroenteritis,A09,759,menular,Dinas Kesehatan Provinsi Jawa Timur,2024-OFFICIAL
3514,Kabupaten Pasuruan,2024,Q1,rawat_jalan,Hipertensi Esensial,I10,2509,tidak_menular,Dinas Kesehatan Provinsi Jawa Timur,2024-OFFICIAL
3514,Kabupaten Pasuruan,2024,Q1,rawat_jalan,Diabetes Melitus Tipe 2,E11,1005,tidak_menular,Dinas Kesehatan Provinsi Jawa Timur,2024-OFFICIAL
3514,Kabupaten Pasuruan,2024,Q1,rawat_inap,Pneumonia,J18,511,menular,Dinas Kesehatan Provinsi Jawa Timur,2024-OFFICIAL
3514,Kabupaten Pasuruan,2024,Q1,rawat_jalan,Demam Tifoid,A01,705,menular,Dinas Kesehatan Provinsi Jawa Timur,2024-OFFICIAL
3514,Kabupaten Pasuruan,2024,Q1,rawat_inap,Penyakit Jantung Iskemik,I25,598,tidak_menular,Dinas Kesehatan Provinsi Jawa Timur,2024-OFFICIAL
3514,Kabupaten Pasuruan,2024,Q1,rawat_jalan,Gastritis dan Duodenitis,K29,1384,tidak_menular,Dinas Kesehatan Provinsi Jawa Timur,2024-OFFICIAL
3514,Kabupaten Pasuruan,2024,Q2,rawat_jalan,Infeksi Saluran Pernapasan Akut (ISPA),J06,3141,menular,Dinas Kesehatan Provinsi Jawa Timur,2024-OFFICIAL
3514,Kabupaten Pasuruan,2024,Q2,rawat_inap,Demam Berdarah Dengue (DBD),A90,835,menular,Dinas Kesehatan Provinsi Jawa Timur,2024-OFFICIAL
3514,Kabupaten Pasuruan,2024,Q2,rawat_inap,Tuberkulosis Paru (TB),A15,266,menular,Dinas Kesehatan Provinsi Jawa Timur,2024-OFFICIAL
3514,Kabupaten Pasuruan,2024,Q2,rawat_jalan,Diare dan Gastroenteritis,A09,1568,menular,Dinas Kesehatan Provinsi Jawa Timur,2024-OFFICIAL
3514,Kabupaten Pasuruan,2024,Q2,rawat_jalan,Hipertensi Esensial,I10,1333,tidak_menular,Dinas Kesehatan Provinsi Jawa Timur,2024-OFFICIAL
3514,Kabupaten Pasuruan,2024,Q2,rawat_jalan,Diabetes Melitus Tipe 2,E11,961,tidak_menular,Dinas Kesehatan Provinsi Jawa Timur,2024-OFFICIAL
3514,Kabupaten Pasuruan,2024,Q2,rawat_inap,Pneumonia,J18,509,menular,Dinas Kesehatan Provinsi Jawa Timur,2024-OFFICIAL
3514,Kabupaten Pasuruan,2024,Q2,rawat_jalan,Demam Tifoid,A01,508,menular,Dinas Kesehatan Provinsi Jawa Timur,2024-OFFICIAL
3514,Kabupaten Pasuruan,2024,Q2,rawat_inap,Penyakit Jantung Iskemik,I25,619,tidak_menular,Dinas Kesehatan Provinsi Jawa Timur,2024-OFFICIAL
3514,Kabupaten Pasuruan,2024,Q2,rawat_jalan,Gastritis dan Duodenitis,K29,771,tidak_menular,Dinas Kesehatan Provinsi Jawa Timur,2024-OFFICIAL
3514,Kabupaten Pasuruan,2024,Q3,rawat_jalan,Infeksi Saluran Pernapasan Akut (ISPA),J06,1523,menular,Dinas Kesehatan Provinsi Jawa Timur,2024-OFFICIAL
3514,Kabupaten Pasuruan,2024,Q3,rawat_inap,Demam Berdarah Dengue (DBD),A90,277,menular,Dinas Kesehatan Provinsi Jawa Timur,2024-OFFICIAL
3514,Kabupaten Pasuruan,2024,Q3,rawat_inap,Tuberkulosis Paru (TB),A15,662,menular,Dinas Kesehatan Provinsi Jawa Timur,2024-OFFICIAL
3514,Kabupaten Pasuruan,2024,Q3,rawat_jalan,Diare dan Gastroenteritis,A09,1626,menular,Dinas Kesehatan Provinsi Jawa Timur,2024-OFFICIAL
3514,Kabupaten Pasuruan,2024,Q3,rawat_jalan,Hipertensi Esensial,I10,2835,tidak_menular,Dinas Kesehatan Provinsi Jawa Timur,2024-OFFICIAL
3514,Kabupaten Pasuruan,2024,Q3,rawat_jalan,Diabetes Melitus Tipe 2,E11,1340,tidak_menular,Dinas Kesehatan Provinsi Jawa Timur,2024-OFFICIAL
3514,Kabupaten Pasuruan,2024,Q3,rawat_inap,Pneumonia,J18,479,menular,Dinas Kesehatan Provinsi Jawa Timur,2024-OFFICIAL
3514,Kabupaten Pasuruan,2024,Q3,rawat_jalan,Demam Tifoid,A01,508,menular,Dinas Kesehatan Provinsi Jawa Timur,2024-OFFICIAL
3514,Kabupaten Pasuruan,2024,Q3,rawat_inap,Penyakit Jantung Iskemik,I25,314,tidak_menular,Dinas Kesehatan Provinsi Jawa Timur,2024-OFFICIAL
3514,Kabupaten Pasuruan,2024,Q3,rawat_jalan,Gastritis dan Duodenitis,K29,786,tidak_menular,Dinas Kesehatan Provinsi Jawa Timur,2024-OFFICIAL
3514,Kabupaten Pasuruan,2024,Q4,rawat_jalan,Infeksi Saluran Pernapasan Akut (ISPA),J06,2370,menular,Dinas Kesehatan Provinsi Jawa Timur,2024-OFFICIAL
3514,Kabupaten Pasuruan,2024,Q4,rawat_inap,Demam Berdarah Dengue (DBD),A90,621,menular,Dinas Kesehatan Provinsi Jawa Timur,2024-OFFICIAL
3514,Kabupaten Pasuruan,2024,Q4,rawat_inap,Tuberkulosis Paru (TB),A15,195,menular,Dinas Kesehatan Provinsi Jawa Timur,2024-OFFICIAL
3514,Kabupaten Pasuruan,2024,Q4,rawat_jalan,Diare dan Gastroenteritis,A09,1211,menular,Dinas Kesehatan Provinsi Jawa Timur,2024-OFFICIAL
3514,Kabupaten Pasuruan,2024,Q4,rawat_jalan,Hipertensi Esensial,I10,1776,tidak_menular,Dinas Kesehatan Provinsi Jawa Timur,2024-OFFICIAL
3514,Kabupaten Pasuruan,2024,Q4,rawat_jalan,Diabetes Melitus Tipe 2,E11,755,tidak_menular,Dinas Kesehatan Provinsi Jawa Timur,2024-OFFICIAL
3514,Kabupaten Pasuruan,2024,Q4,rawat_inap,Pneumonia,J18,213,menular,Dinas Kesehatan Provinsi Jawa Timur,2024-OFFICIAL
3514,Kabupaten Pasuruan,2024,Q4,rawat_jalan,Demam Tifoid,A01,498,menular,Dinas Kesehatan Provinsi Jawa Timur,2024-OFFICIAL
3514,Kabupaten Pasuruan,2024,Q4,rawat_inap,Penyakit Jantung Iskemik,I25,722,tidak_menular,Dinas Kesehatan Provinsi Jawa Timur,2024-OFFICIAL
3514,Kabupaten Pasuruan,2024,Q4,rawat_jalan,Gastritis dan Duodenitis,K29,1229,tidak_menular,Dinas Kesehatan Provinsi Jawa Timur,2024-OFFICIAL
3515,Kabupaten Sidoarjo,2024,Q1,rawat_jalan,Infeksi Saluran Pernapasan Akut (ISPA),J06,2452,menular,Dinas Kesehatan Provinsi Jawa Timur,2024-OFFICIAL
3515,Kabupaten Sidoarjo,2024,Q1,rawat_inap,Demam Berdarah Dengue (DBD),A90,885,menular,Dinas Kesehatan Provinsi Jawa Timur,2024-OFFICIAL
3515,Kabupaten Sidoarjo,2024,Q1,rawat_inap,Tuberkulosis Paru (TB),A15,914,menular,Dinas Kesehatan Provinsi Jawa Timur,2024-OFFICIAL
3515,Kabupaten Sidoarjo,2024,Q1,rawat_jalan,Diare dan Gastroenteritis,A09,1550,menular,Dinas Kesehatan Provinsi Jawa Timur,2024-OFFICIAL
3515,Kabupaten Sidoarjo,2024,Q1,rawat_jalan,Hipertensi Esensial,I10,1594,tidak_menular,Dinas Kesehatan Provinsi Jawa Timur,2024-OFFICIAL
3515,Kabupaten Sidoarjo,2024,Q1,rawat_jalan,Diabetes Melitus Tipe 2,E11,2230,tidak_menular,Dinas Kesehatan Provinsi Jawa Timur,2024-OFFICIAL
3515,Kabupaten Sidoarjo,2024,Q1,rawat_inap,Pneumonia,J18,581,menular,Dinas Kesehatan Provinsi Jawa Timur,2024-OFFICIAL
3515,Kabupaten Sidoarjo,2024,Q1,rawat_jalan,Demam Tifoid,A01,939,menular,Dinas Kesehatan Provinsi Jawa Timur,2024-OFFICIAL
3515,Kabupaten Sidoarjo,2024,Q1,rawat_inap,Penyakit Jantung Iskemik,I25,830,tidak_menular,Dinas Kesehatan Provinsi Jawa Timur,2024-OFFICIAL
3515,Kabupaten Sidoarjo,2024,Q1,rawat_jalan,Gastritis dan Duodenitis,K29,1845,tidak_menular,Dinas Kesehatan Provinsi Jawa Timur,2024-OFFICIAL
3515,Kabupaten Sidoarjo,2024,Q2,rawat_jalan,Infeksi Saluran Pernapasan Akut (ISPA),J06,3621,menular,Dinas Kesehatan Provinsi Jawa Timur,2024-OFFICIAL
3515,Kabupaten Sidoarjo,2024,Q2,rawat_inap,Demam Berdarah Dengue (DBD),A90,544,menular,Dinas Kesehatan Provinsi Jawa Timur,2024-OFFICIAL
3515,Kabupaten Sidoarjo,2024,Q2,rawat_inap,Tuberkulosis Paru (TB),A15,231,menular,Dinas Kesehatan Provinsi Jawa Timur,2024-OFFICIAL
3515,Kabupaten Sidoarjo,2024,Q2,rawat_jalan,Diare dan Gastroenteritis,A09,1180,menular,Dinas Kesehatan Provinsi Jawa Timur,2024-OFFICIAL
3515,Kabupaten Sidoarjo,2024,Q2,rawat_jalan,Hipertensi Esensial,I10,2453,tidak_menular,Dinas Kesehatan Provinsi Jawa Timur,2024-OFFICIAL
3515,Kabupaten Sidoarjo,2024,Q2,rawat_jalan,Diabetes Melitus Tipe 2,E11,1389,tidak_menular,Dinas Kesehatan Provinsi Jawa Timur,2024-OFFICIAL
3515,Kabupaten Sidoarjo,2024,Q2,rawat_inap,Pneumonia,J18,479,menular,Dinas Kesehatan Provinsi Jawa Timur,2024-OFFICIAL
3515,Kabupaten Sidoarjo,2024,Q2,rawat_jalan,Demam Tifoid,A01,588,menular,Dinas Kesehatan Provinsi Jawa Timur,2024-OFFICIAL
3515,Kabupaten Sidoarjo,2024,Q2,rawat_inap,Penyakit Jantung Iskemik,I25,726,tidak_menular,Dinas Kesehatan Provinsi Jawa Timur,2024-OFFICIAL
3515,Kabupaten Sidoarjo,2024,Q2,rawat_jalan,Gastritis dan Duodenitis,K29,1027,tidak_menular,Dinas Kesehatan Provinsi Jawa Timur,2024-OFFICIAL
3515,Kabupaten Sidoarjo,2024,Q3,rawat_jalan,Infeksi Saluran Pernapasan Akut (ISPA),J06,2854,menular,Dinas Kesehatan Provinsi Jawa Timur,2024-OFFICIAL
3515,Kabupaten Sidoarjo,2024,Q3,rawat_inap,Demam Berdarah Dengue (DBD),A90,407,menular,Dinas Kesehatan Provinsi Jawa Timur,2024-OFFICIAL
3515,Kabupaten Sidoarjo,2024,Q3,rawat_inap,Tuberkulosis Paru (TB),A15,643,menular,Dinas Kesehatan Provinsi Jawa Timur,2024-OFFICIAL
3515,Kabupaten Sidoarjo,2024,Q3,rawat_jalan,Diare dan Gastroenteritis,A09,2228,menular,Dinas Kesehatan Provinsi Jawa Timur,2024-OFFICIAL
3515,Kabupaten Sidoarjo,2024,Q3,rawat_jalan,Hipertensi Esensial,I10,3332,tidak_menular,Dinas Kesehatan Provinsi Jawa Timur,2024-OFFICIAL
3515,Kabupaten Sidoarjo,2024,Q3,rawat_jalan,Diabetes Melitus Tipe 2,E11,1487,tidak_menular,Dinas Kesehatan Provinsi Jawa Timur,2024-OFFICIAL
3515,Kabupaten Sidoarjo,2024,Q3,rawat_inap,Pneumonia,J18,663,menular,Dinas Kesehatan Provinsi Jawa Timur,2024-OFFICIAL
3515,Kabupaten Sidoarjo,2024,Q3,rawat_jalan,Demam Tifoid,A01,941,menular,Dinas Kesehatan Provinsi Jawa Timur,2024-OFFICIAL
3515,Kabupaten Sidoarjo,2024,Q3,rawat_inap,Penyakit Jantung Iskemik,I25,594,tidak_menular,Dinas Kesehatan Provinsi Jawa Timur,2024-OFFICIAL
3515,Kabupaten Sidoarjo,2024,Q3,rawat_jalan,Gastritis dan Duodenitis,K29,1758,tidak_menular,Dinas Kesehatan Provinsi Jawa Timur,2024-OFFICIAL
3515,Kabupaten Sidoarjo,2024,Q4,rawat_jalan,Infeksi Saluran Pernapasan Akut (ISPA),J06,1991,menular,Dinas Kesehatan Provinsi Jawa Timur,2024-OFFICIAL
3515,Kabupaten Sidoarjo,2024,Q4,rawat_inap,Demam Berdarah Dengue (DBD),A90,432,menular,Dinas Kesehatan Provinsi Jawa Timur,2024-OFFICIAL
3515,Kabupaten Sidoarjo,2024,Q4,rawat_inap,Tuberkulosis Paru (TB),A15,838,menular,Dinas Kesehatan Provinsi Jawa Timur,2024-OFFICIAL
3515,Kabupaten Sidoarjo,2024,Q4,rawat_jalan,Diare dan Gastroenteritis,A09,1316,menular,Dinas Kesehatan Provinsi Jawa Timur,2024-OFFICIAL
3515,Kabupaten Sidoarjo,2024,Q4,rawat_jalan,Hipertensi Esensial,I10,1879,tidak_menular,Dinas Kesehatan Provinsi Jawa Timur,2024-OFFICIAL
3515,Kabupaten Sidoarjo,2024,Q4,rawat_jalan,Diabetes Melitus Tipe 2,E11,2089,tidak_menular,Dinas Kesehatan Provinsi Jawa Timur,2024-OFFICIAL
3515,Kabupaten Sidoarjo,2024,Q4,rawat_inap,Pneumonia,J18,407,menular,Dinas Kesehatan Provinsi Jawa Timur,2024-OFFICIAL
3515,Kabupaten Sidoarjo,2024,Q4,rawat_jalan,Demam Tifoid,A01,493,menular,Dinas Kesehatan Provinsi Jawa Timur,2024-OFFICIAL
3515,Kabupaten Sidoarjo,2024,Q4,rawat_inap,Penyakit Jantung Iskemik,I25,530,tidak_menular,Dinas Kesehatan Provinsi Jawa Timur,2024-OFFICIAL
3515,Kabupaten Sidoarjo,2024,Q4,rawat_jalan,Gastritis dan Duodenitis,K29,1113,tidak_menular,Dinas Kesehatan Provinsi Jawa Timur,2024-OFFICIAL
3516,Kabupaten Mojokerto,2024,Q1,rawat_jalan,Infeksi Saluran Pernapasan Akut (ISPA),J06,1724,menular,Dinas Kesehatan Provinsi Jawa Timur,2024-OFFICIAL
3516,Kabupaten Mojokerto,2024,Q1,rawat_inap,Demam Berdarah Dengue (DBD),A90,245,menular,Dinas Kesehatan Provinsi Jawa Timur,2024-OFFICIAL
3516,Kabupaten Mojokerto,2024,Q1,rawat_inap,Tuberkulosis Paru (TB),A15,486,menular,Dinas Kesehatan Provinsi Jawa Timur,2024-OFFICIAL
3516,Kabupaten Mojokerto,2024,Q1,rawat_jalan,Diare dan Gastroenteritis,A09,902,menular,Dinas Kesehatan Provinsi Jawa Timur,2024-OFFICIAL
3516,Kabupaten Mojokerto,2024,Q1,rawat_jalan,Hipertensi Esensial,I10,1132,tidak_menular,Dinas Kesehatan Provinsi Jawa Timur,2024-OFFICIAL
3516,Kabupaten Mojokerto,2024,Q1,rawat_jalan,Diabetes Melitus Tipe 2,E11,888,tidak_menular,Dinas Kesehatan Provinsi Jawa Timur,2024-OFFICIAL
3516,Kabupaten Mojokerto,2024,Q1,rawat_inap,Pneumonia,J18,371,menular,Dinas Kesehatan Provinsi Jawa Timur,2024-OFFICIAL
3516,Kabupaten Mojokerto,2024,Q1,rawat_jalan,Demam Tifoid,A01,238,menular,Dinas Kesehatan Provinsi Jawa Timur,2024-OFFICIAL
3516,Kabupaten Mojokerto,2024,Q1,rawat_inap,Penyakit Jantung Iskemik,I25,273,tidak_menular,Dinas Kesehatan Provinsi Jawa Timur,2024-OFFICIAL
3516,Kabupaten Mojokerto,2024,Q1,rawat_jalan,Gastritis dan Duodenitis,K29,528,tidak_menular,Dinas Kesehatan Provinsi Jawa Timur,2024-OFFICIAL
3516,Kabupaten Mojokerto,2024,Q2,rawat_jalan,Infeksi Saluran Pernapasan Akut (ISPA),J06,1709,menular,Dinas Kesehatan Provinsi Jawa Timur,2024-OFFICIAL
3516,Kabupaten Mojokerto,2024,Q2,rawat_inap,Demam Berdarah Dengue (DBD),A90,660,menular,Dinas Kesehatan Provinsi Jawa Timur,2024-OFFICIAL
3516,Kabupaten Mojokerto,2024,Q2,rawat_inap,Tuberkulosis Paru (TB),A15,320,menular,Dinas Kesehatan Provinsi Jawa Timur,2024-OFFICIAL
3516,Kabupaten Mojokerto,2024,Q2,rawat_jalan,Diare dan Gastroenteritis,A09,881,menular,Dinas Kesehatan Provinsi Jawa Timur,2024-OFFICIAL
3516,Kabupaten Mojokerto,2024,Q2,rawat_jalan,Hipertensi Esensial,I10,853,tidak_menular,Dinas Kesehatan Provinsi Jawa Timur,2024-OFFICIAL
3516,Kabupaten Mojokerto,2024,Q2,rawat_jalan,Diabetes Melitus Tipe 2,E11,1088,tidak_menular,Dinas Kesehatan Provinsi Jawa Timur,2024-OFFICIAL
3516,Kabupaten Mojokerto,2024,Q2,rawat_inap,Pneumonia,J18,164,menular,Dinas Kesehatan Provinsi Jawa Timur,2024-OFFICIAL
3516,Kabupaten Mojokerto,2024,Q2,rawat_jalan,Demam Tifoid,A01,293,menular,Dinas Kesehatan Provinsi Jawa Timur,2024-OFFICIAL
3516,Kabupaten Mojokerto,2024,Q2,rawat_inap,Penyakit Jantung Iskemik,I25,382,tidak_menular,Dinas Kesehatan Provinsi Jawa Timur,2024-OFFICIAL
3516,Kabupaten Mojokerto,2024,Q2,rawat_jalan,Gastritis dan Duodenitis,K29,741,tidak_menular,Dinas Kesehatan Provinsi Jawa Timur,2024-OFFICIAL
3516,Kabupaten Mojokerto,2024,Q3,rawat_jalan,Infeksi Saluran Pernapasan Akut (ISPA),J06,1089,menular,Dinas Kesehatan Provinsi Jawa Timur,2024-OFFICIAL
3516,Kabupaten Mojokerto,2024,Q3,rawat_inap,Demam Berdarah Dengue (DBD),A90,287,menular,Dinas Kesehatan Provinsi Jawa Timur,2024-OFFICIAL
3516,Kabupaten Mojokerto,2024,Q3,rawat_inap,Tuberkulosis Paru (TB),A15,144,menular,Dinas Kesehatan Provinsi Jawa Timur,2024-OFFICIAL
3516,Kabupaten Mojokerto,2024,Q3,rawat_jalan,Diare dan Gastroenteritis,A09,1183,menular,Dinas Kesehatan Provinsi Jawa Timur,2024-OFFICIAL
3516,Kabupaten Mojokerto,2024,Q3,rawat_jalan,Hipertensi Esensial,I10,2004,tidak_menular,Dinas Kesehatan Provinsi Jawa Timur,2024-OFFICIAL
3516,Kabupaten Mojokerto,2024,Q3,rawat_jalan,Diabetes Melitus Tipe 2,E11,882,tidak_menular,Dinas Kesehatan Provinsi Jawa Timur,2024-OFFICIAL
3516,Kabupaten Mojokerto,2024,Q3,rawat_inap,Pneumonia,J18,325,menular,Dinas Kesehatan Provinsi Jawa Timur,2024-OFFICIAL
3516,Kabupaten Mojokerto,2024,Q3,rawat_jalan,Demam Tifoid,A01,540,menular,Dinas Kesehatan Provinsi Jawa Timur,2024-OFFICIAL
3516,Kabupaten Mojokerto,2024,Q3,rawat_inap,Penyakit Jantung Iskemik,I25,487,tidak_menular,Dinas Kesehatan Provinsi Jawa Timur,2024-OFFICIAL
3516,Kabupaten Mojokerto,2024,Q3,rawat_jalan,Gastritis dan Duodenitis,K29,405,tidak_menular,Dinas Kesehatan Provinsi Jawa Timur,2024-OFFICIAL
3516,Kabupaten Mojokerto,2024,Q4,rawat_jalan,Infeksi Saluran Pernapasan Akut (ISPA),J06,1155,menular,Dinas Kesehatan Provinsi Jawa Timur,2024-OFFICIAL
3516,Kabupaten Mojokerto,2024,Q4,rawat_inap,Demam Berdarah Dengue (DBD),A90,560,menular,Dinas Kesehatan Provinsi Jawa Timur,2024-OFFICIAL
3516,Kabupaten Mojokerto,2024,Q4,rawat_inap,Tuberkulosis Paru (TB),A15,446,menular,Dinas Kesehatan Provinsi Jawa Timur,2024-OFFICIAL
3516,Kabupaten Mojokerto,2024,Q4,rawat_jalan,Diare dan Gastroenteritis,A09,691,menular,Dinas Kesehatan Provinsi Jawa Timur,2024-OFFICIAL
3516,Kabupaten Mojokerto,2024,Q4,rawat_jalan,Hipertensi Esensial,I10,866,tidak_menular,Dinas Kesehatan Provinsi Jawa Timur,2024-OFFICIAL
3516,Kabupaten Mojokerto,2024,Q4,rawat_jalan,Diabetes Melitus Tipe 2,E11,784,tidak_menular,Dinas Kesehatan Provinsi Jawa Timur,2024-OFFICIAL
3516,Kabupaten Mojokerto,2024,Q4,rawat_inap,Pneumonia,J18,278,menular,Dinas Kesehatan Provinsi Jawa Timur,2024-OFFICIAL
3516,Kabupaten Mojokerto,2024,Q4,rawat_jalan,Demam Tifoid,A01,534,menular,Dinas Kesehatan Provinsi Jawa Timur,2024-OFFICIAL
3516,Kabupaten Mojokerto,2024,Q4,rawat_inap,Penyakit Jantung Iskemik,I25,183,tidak_menular,Dinas Kesehatan Provinsi Jawa Timur,2024-OFFICIAL
3516,Kabupaten Mojokerto,2024,Q4,rawat_jalan,Gastritis dan Duodenitis,K29,595,tidak_menular,Dinas Kesehatan Provinsi Jawa Timur,2024-OFFICIAL
3517,Kabupaten Jombang,2024,Q1,rawat_jalan,Infeksi Saluran Pernapasan Akut (ISPA),J06,1342,menular,Dinas Kesehatan Provinsi Jawa Timur,2024-OFFICIAL
3517,Kabupaten Jombang,2024,Q1,rawat_inap,Demam Berdarah Dengue (DBD),A90,286,menular,Dinas Kesehatan Provinsi Jawa Timur,2024-OFFICIAL
3517,Kabupaten Jombang,2024,Q1,rawat_inap,Tuberkulosis Paru (TB),A15,288,menular,Dinas Kesehatan Provinsi Jawa Timur,2024-OFFICIAL
3517,Kabupaten Jombang,2024,Q1,rawat_jalan,Diare dan Gastroenteritis,A09,1256,menular,Dinas Kesehatan Provinsi Jawa Timur,2024-OFFICIAL
3517,Kabupaten Jombang,2024,Q1,rawat_jalan,Hipertensi Esensial,I10,1417,tidak_menular,Dinas Kesehatan Provinsi Jawa Timur,2024-OFFICIAL
3517,Kabupaten Jombang,2024,Q1,rawat_jalan,Diabetes Melitus Tipe 2,E11,709,tidak_menular,Dinas Kesehatan Provinsi Jawa Timur,2024-OFFICIAL
3517,Kabupaten Jombang,2024,Q1,rawat_inap,Pneumonia,J18,448,menular,Dinas Kesehatan Provinsi Jawa Timur,2024-OFFICIAL
3517,Kabupaten Jombang,2024,Q1,rawat_jalan,Demam Tifoid,A01,273,menular,Dinas Kesehatan Provinsi Jawa Timur,2024-OFFICIAL
3517,Kabupaten Jombang,2024,Q1,rawat_inap,Penyakit Jantung Iskemik,I25,310,tidak_menular,Dinas Kesehatan Provinsi Jawa Timur,2024-OFFICIAL
3517,Kabupaten Jombang,2024,Q1,rawat_jalan,Gastritis dan Duodenitis,K29,1168,tidak_menular,Dinas Kesehatan Provinsi Jawa Timur,2024-OFFICIAL
3517,Kabupaten Jombang,2024,Q2,rawat_jalan,Infeksi Saluran Pernapasan Akut (ISPA),J06,1746,menular,Dinas Kesehatan Provinsi Jawa Timur,2024-OFFICIAL
3517,Kabupaten Jombang,2024,Q2,rawat_inap,Demam Berdarah Dengue (DBD),A90,337,menular,Dinas Kesehatan Provinsi Jawa Timur,2024-OFFICIAL
3517,Kabupaten Jombang,2024,Q2,rawat_inap,Tuberkulosis Paru (TB),A15,450,menular,Dinas Kesehatan Provinsi Jawa Timur,2024-OFFICIAL
3517,Kabupaten Jombang,2024,Q2,rawat_jalan,Diare dan Gastroenteritis,A09,856,menular,Dinas Kesehatan Provinsi Jawa Timur,2024-OFFICIAL
3517,Kabupaten Jombang,2024,Q2,rawat_jalan,Hipertensi Esensial,I10,1813,tidak_menular,Dinas Kesehatan Provinsi Jawa Timur,2024-OFFICIAL
3517,Kabupaten Jombang,2024,Q2,rawat_jalan,Diabetes Melitus Tipe 2,E11,882,tidak_menular,Dinas Kesehatan Provinsi Jawa Timur,2024-OFFICIAL
3517,Kabupaten Jombang,2024,Q2,rawat_inap,Pneumonia,J18,268,menular,Dinas Kesehatan Provinsi Jawa Timur,2024-OFFICIAL
3517,Kabupaten Jombang,2024,Q2,rawat_jalan,Demam Tifoid,A01,558,menular,Dinas Kesehatan Provinsi Jawa Timur,2024-OFFICIAL
3517,Kabupaten Jombang,2024,Q2,rawat_inap,Penyakit Jantung Iskemik,I25,487,tidak_menular,Dinas Kesehatan Provinsi Jawa Timur,2024-OFFICIAL
3517,Kabupaten Jombang,2024,Q2,rawat_jalan,Gastritis dan Duodenitis,K29,926,tidak_menular,Dinas Kesehatan Provinsi Jawa Timur,2024-OFFICIAL
3517,Kabupaten Jombang,2024,Q3,rawat_jalan,Infeksi Saluran Pernapasan Akut (ISPA),J06,2198,menular,Dinas Kesehatan Provinsi Jawa Timur,2024-OFFICIAL
3517,Kabupaten Jombang,2024,Q3,rawat_inap,Demam Berdarah Dengue (DBD),A90,380,menular,Dinas Kesehatan Provinsi Jawa Timur,2024-OFFICIAL
3517,Kabupaten Jombang,2024,Q3,rawat_inap,Tuberkulosis Paru (TB),A15,240,menular,Dinas Kesehatan Provinsi Jawa Timur,2024-OFFICIAL
3517,Kabupaten Jombang,2024,Q3,rawat_jalan,Diare dan Gastroenteritis,A09,637,menular,Dinas Kesehatan Provinsi Jawa Timur,2024-OFFICIAL
3517,Kabupaten Jombang,2024,Q3,rawat_jalan,Hipertensi Esensial,I10,1370,tidak_menular,Dinas Kesehatan Provinsi Jawa Timur,2024-OFFICIAL
3517,Kabupaten Jombang,2024,Q3,rawat_jalan,Diabetes Melitus Tipe 2,E11,1158,tidak_menular,Dinas Kesehatan Provinsi Jawa Timur,2024-OFFICIAL
3517,Kabupaten Jombang,2024,Q3,rawat_inap,Pneumonia,J18,196,menular,Dinas Kesehatan Provinsi Jawa Timur,2024-OFFICIAL
3517,Kabupaten Jombang,2024,Q3,rawat_jalan,Demam Tifoid,A01,283,menular,Dinas Kesehatan Provinsi Jawa Timur,2024-OFFICIAL
3517,Kabupaten Jombang,2024,Q3,rawat_inap,Penyakit Jantung Iskemik,I25,350,tidak_menular,Dinas Kesehatan Provinsi Jawa Timur,2024-OFFICIAL
3517,Kabupaten Jombang,2024,Q3,rawat_jalan,Gastritis dan Duodenitis,K29,743,tidak_menular,Dinas Kesehatan Provinsi Jawa Timur,2024-OFFICIAL
3517,Kabupaten Jombang,2024,Q4,rawat_jalan,Infeksi Saluran Pernapasan Akut (ISPA),J06,1711,menular,Dinas Kesehatan Provinsi Jawa Timur,2024-OFFICIAL
3517,Kabupaten Jombang,2024,Q4,rawat_inap,Demam Berdarah Dengue (DBD),A90,658,menular,Dinas Kesehatan Provinsi Jawa Timur,2024-OFFICIAL
3517,Kabupaten Jombang,2024,Q4,rawat_inap,Tuberkulosis Paru (TB),A15,224,menular,Dinas Kesehatan Provinsi Jawa Timur,2024-OFFICIAL
3517,Kabupaten Jombang,2024,Q4,rawat_jalan,Diare dan Gastroenteritis,A09,1190,menular,Dinas Kesehatan Provinsi Jawa Timur,2024-OFFICIAL
3517,Kabupaten Jombang,2024,Q4,rawat_jalan,Hipertensi Esensial,I10,1561,tidak_menular,Dinas Kesehatan Provinsi Jawa Timur,2024-OFFICIAL
3517,Kabupaten Jombang,2024,Q4,rawat_jalan,Diabetes Melitus Tipe 2,E11,871,tidak_menular,Dinas Kesehatan Provinsi Jawa Timur,2024-OFFICIAL
3517,Kabupaten Jombang,2024,Q4,rawat_inap,Pneumonia,J18,455,menular,Dinas Kesehatan Provinsi Jawa Timur,2024-OFFICIAL
3517,Kabupaten Jombang,2024,Q4,rawat_jalan,Demam Tifoid,A01,426,menular,Dinas Kesehatan Provinsi Jawa Timur,2024-OFFICIAL
3517,Kabupaten Jombang,2024,Q4,rawat_inap,Penyakit Jantung Iskemik,I25,395,tidak_menular,Dinas Kesehatan Provinsi Jawa Timur,2024-OFFICIAL
3517,Kabupaten Jombang,2024,Q4,rawat_jalan,Gastritis dan Duodenitis,K29,982,tidak_menular,Dinas Kesehatan Provinsi Jawa Timur,2024-OFFICIAL
3518,Kabupaten Nganjuk,2024,Q1,rawat_jalan,Infeksi Saluran Pernapasan Akut (ISPA),J06,1069,menular,Dinas Kesehatan Provinsi Jawa Timur,2024-OFFICIAL
3518,Kabupaten Nganjuk,2024,Q1,rawat_inap,Demam Berdarah Dengue (DBD),A90,480,menular,Dinas Kesehatan Provinsi Jawa Timur,2024-OFFICIAL
3518,Kabupaten Nganjuk,2024,Q1,rawat_inap,Tuberkulosis Paru (TB),A15,120,menular,Dinas Kesehatan Provinsi Jawa Timur,2024-OFFICIAL
3518,Kabupaten Nganjuk,2024,Q1,rawat_jalan,Diare dan Gastroenteritis,A09,708,menular,Dinas Kesehatan Provinsi Jawa Timur,2024-OFFICIAL
3518,Kabupaten Nganjuk,2024,Q1,rawat_jalan,Hipertensi Esensial,I10,1288,tidak_menular,Dinas Kesehatan Provinsi Jawa Timur,2024-OFFICIAL
3518,Kabupaten Nganjuk,2024,Q1,rawat_jalan,Diabetes Melitus Tipe 2,E11,839,tidak_menular,Dinas Kesehatan Provinsi Jawa Timur,2024-OFFICIAL
3518,Kabupaten Nganjuk,2024,Q1,rawat_inap,Pneumonia,J18,153,menular,Dinas Kesehatan Provinsi Jawa Timur,2024-OFFICIAL
3518,Kabupaten Nganjuk,2024,Q1,rawat_jalan,Demam Tifoid,A01,520,menular,Dinas Kesehatan Provinsi Jawa Timur,2024-OFFICIAL
3518,Kabupaten Nganjuk,2024,Q1,rawat_inap,Penyakit Jantung Iskemik,I25,224,tidak_menular,Dinas Kesehatan Provinsi Jawa Timur,2024-OFFICIAL
3518,Kabupaten Nganjuk,2024,Q1,rawat_jalan,Gastritis dan Duodenitis,K29,812,tidak_menular,Dinas Kesehatan Provinsi Jawa Timur,2024-OFFICIAL
3518,Kabupaten Nganjuk,2024,Q2,rawat_jalan,Infeksi Saluran Pernapasan Akut (ISPA),J06,1008,menular,Dinas Kesehatan Provinsi Jawa Timur,2024-OFFICIAL
3518,Kabupaten Nganjuk,2024,Q2,rawat_inap,Demam Berdarah Dengue (DBD),A90,578,menular,Dinas Kesehatan Provinsi Jawa Timur,2024-OFFICIAL
3518,Kabupaten Nganjuk,2024,Q2,rawat_inap,Tuberkulosis Paru (TB),A15,354,menular,Dinas Kesehatan Provinsi Jawa Timur,2024-OFFICIAL
3518,Kabupaten Nganjuk,2024,Q2,rawat_jalan,Diare dan Gastroenteritis,A09,656,menular,Dinas Kesehatan Provinsi Jawa Timur,2024-OFFICIAL
3518,Kabupaten Nganjuk,2024,Q2,rawat_jalan,Hipertensi Esensial,I10,1301,tidak_menular,Dinas Kesehatan Provinsi Jawa Timur,2024-OFFICIAL
3518,Kabupaten Nganjuk,2024,Q2,rawat_jalan,Diabetes Melitus Tipe 2,E11,957,tidak_menular,Dinas Kesehatan Provinsi Jawa Timur,2024-OFFICIAL
3518,Kabupaten Nganjuk,2024,Q2,rawat_inap,Pneumonia,J18,135,menular,Dinas Kesehatan Provinsi Jawa Timur,2024-OFFICIAL
3518,Kabupaten Nganjuk,2024,Q2,rawat_jalan,Demam Tifoid,A01,376,menular,Dinas Kesehatan Provinsi Jawa Timur,2024-OFFICIAL
3518,Kabupaten Nganjuk,2024,Q2,rawat_inap,Penyakit Jantung Iskemik,I25,241,tidak_menular,Dinas Kesehatan Provinsi Jawa Timur,2024-OFFICIAL
3518,Kabupaten Nganjuk,2024,Q2,rawat_jalan,Gastritis dan Duodenitis,K29,606,tidak_menular,Dinas Kesehatan Provinsi Jawa Timur,2024-OFFICIAL
3518,Kabupaten Nganjuk,2024,Q3,rawat_jalan,Infeksi Saluran Pernapasan Akut (ISPA),J06,2148,menular,Dinas Kesehatan Provinsi Jawa Timur,2024-OFFICIAL
3518,Kabupaten Nganjuk,2024,Q3,rawat_inap,Demam Berdarah Dengue (DBD),A90,195,menular,Dinas Kesehatan Provinsi Jawa Timur,2024-OFFICIAL
3518,Kabupaten Nganjuk,2024,Q3,rawat_inap,Tuberkulosis Paru (TB),A15,249,menular,Dinas Kesehatan Provinsi Jawa Timur,2024-OFFICIAL
3518,Kabupaten Nganjuk,2024,Q3,rawat_jalan,Diare dan Gastroenteritis,A09,522,menular,Dinas Kesehatan Provinsi Jawa Timur,2024-OFFICIAL
3518,Kabupaten Nganjuk,2024,Q3,rawat_jalan,Hipertensi Esensial,I10,1777,tidak_menular,Dinas Kesehatan Provinsi Jawa Timur,2024-OFFICIAL
3518,Kabupaten Nganjuk,2024,Q3,rawat_jalan,Diabetes Melitus Tipe 2,E11,895,tidak_menular,Dinas Kesehatan Provinsi Jawa Timur,2024-OFFICIAL
3518,Kabupaten Nganjuk,2024,Q3,rawat_inap,Pneumonia,J18,233,menular,Dinas Kesehatan Provinsi Jawa Timur,2024-OFFICIAL
3518,Kabupaten Nganjuk,2024,Q3,rawat_jalan,Demam Tifoid,A01,475,menular,Dinas Kesehatan Provinsi Jawa Timur,2024-OFFICIAL
3518,Kabupaten Nganjuk,2024,Q3,rawat_inap,Penyakit Jantung Iskemik,I25,445,tidak_menular,Dinas Kesehatan Provinsi Jawa Timur,2024-OFFICIAL
3518,Kabupaten Nganjuk,2024,Q3,rawat_jalan,Gastritis dan Duodenitis,K29,962,tidak_menular,Dinas Kesehatan Provinsi Jawa Timur,2024-OFFICIAL
3518,Kabupaten Nganjuk,2024,Q4,rawat_jalan,Infeksi Saluran Pernapasan Akut (ISPA),J06,2081,menular,Dinas Kesehatan Provinsi Jawa Timur,2024-OFFICIAL
3518,Kabupaten Nganjuk,2024,Q4,rawat_inap,Demam Berdarah Dengue (DBD),A90,230,menular,Dinas Kesehatan Provinsi Jawa Timur,2024-OFFICIAL
3518,Kabupaten Nganjuk,2024,Q4,rawat_inap,Tuberkulosis Paru (TB),A15,302,menular,Dinas Kesehatan Provinsi Jawa Timur,2024-OFFICIAL
3518,Kabupaten Nganjuk,2024,Q4,rawat_jalan,Diare dan Gastroenteritis,A09,858,menular,Dinas Kesehatan Provinsi Jawa Timur,2024-OFFICIAL
3518,Kabupaten Nganjuk,2024,Q4,rawat_jalan,Hipertensi Esensial,I10,1648,tidak_menular,Dinas Kesehatan Provinsi Jawa Timur,2024-OFFICIAL
3518,Kabupaten Nganjuk,2024,Q4,rawat_jalan,Diabetes Melitus Tipe 2,E11,746,tidak_menular,Dinas Kesehatan Provinsi Jawa Timur,2024-OFFICIAL
3518,Kabupaten Nganjuk,2024,Q4,rawat_inap,Pneumonia,J18,172,menular,Dinas Kesehatan Provinsi Jawa Timur,2024-OFFICIAL
3518,Kabupaten Nganjuk,2024,Q4,rawat_jalan,Demam Tifoid,A01,384,menular,Dinas Kesehatan Provinsi Jawa Timur,2024-OFFICIAL
3518,Kabupaten Nganjuk,2024,Q4,rawat_inap,Penyakit Jantung Iskemik,I25,456,tidak_menular,Dinas Kesehatan Provinsi Jawa Timur,2024-OFFICIAL
3518,Kabupaten Nganjuk,2024,Q4,rawat_jalan,Gastritis dan Duodenitis,K29,989,tidak_menular,Dinas Kesehatan Provinsi Jawa Timur,2024-OFFICIAL
3519,Kabupaten Madiun,2024,Q1,rawat_jalan,Infeksi Saluran Pernapasan Akut (ISPA),J06,1218,menular,Dinas Kesehatan Provinsi Jawa Timur,2024-OFFICIAL
3519,Kabupaten Madiun,2024,Q1,rawat_inap,Demam Berdarah Dengue (DBD),A90,120,menular,Dinas Kesehatan Provinsi Jawa Timur,2024-OFFICIAL
3519,Kabupaten Madiun,2024,Q1,rawat_inap,Tuberkulosis Paru (TB),A15,254,menular,Dinas Kesehatan Provinsi Jawa Timur,2024-OFFICIAL
3519,Kabupaten Madiun,2024,Q1,rawat_jalan,Diare dan Gastroenteritis,A09,531,menular,Dinas Kesehatan Provinsi Jawa Timur,2024-OFFICIAL
3519,Kabupaten Madiun,2024,Q1,rawat_jalan,Hipertensi Esensial,I10,1197,tidak_menular,Dinas Kesehatan Provinsi Jawa Timur,2024-OFFICIAL
3519,Kabupaten Madiun,2024,Q1,rawat_jalan,Diabetes Melitus Tipe 2,E11,857,tidak_menular,Dinas Kesehatan Provinsi Jawa Timur,2024-OFFICIAL
3519,Kabupaten Madiun,2024,Q1,rawat_inap,Pneumonia,J18,182,menular,Dinas Kesehatan Provinsi Jawa Timur,2024-OFFICIAL
3519,Kabupaten Madiun,2024,Q1,rawat_jalan,Demam Tifoid,A01,335,menular,Dinas Kesehatan Provinsi Jawa Timur,2024-OFFICIAL
3519,Kabupaten Madiun,2024,Q1,rawat_inap,Penyakit Jantung Iskemik,I25,295,tidak_menular,Dinas Kesehatan Provinsi Jawa Timur,2024-OFFICIAL
3519,Kabupaten Madiun,2024,Q1,rawat_jalan,Gastritis dan Duodenitis,K29,674,tidak_menular,Dinas Kesehatan Provinsi Jawa Timur,2024-OFFICIAL
3519,Kabupaten Madiun,2024,Q2,rawat_jalan,Infeksi Saluran Pernapasan Akut (ISPA),J06,1474,menular,Dinas Kesehatan Provinsi Jawa Timur,2024-OFFICIAL
3519,Kabupaten Madiun,2024,Q2,rawat_inap,Demam Berdarah Dengue (DBD),A90,235,menular,Dinas Kesehatan Provinsi Jawa Timur,2024-OFFICIAL
3519,Kabupaten Madiun,2024,Q2,rawat_inap,Tuberkulosis Paru (TB),A15,171,menular,Dinas Kesehatan Provinsi Jawa Timur,2024-OFFICIAL
3519,Kabupaten Madiun,2024,Q2,rawat_jalan,Diare dan Gastroenteritis,A09,766,menular,Dinas Kesehatan Provinsi Jawa Timur,2024-OFFICIAL
3519,Kabupaten Madiun,2024,Q2,rawat_jalan,Hipertensi Esensial,I10,1309,tidak_menular,Dinas Kesehatan Provinsi Jawa Timur,2024-OFFICIAL
3519,Kabupaten Madiun,2024,Q2,rawat_jalan,Diabetes Melitus Tipe 2,E11,519,tidak_menular,Dinas Kesehatan Provinsi Jawa Timur,2024-OFFICIAL
3519,Kabupaten Madiun,2024,Q2,rawat_inap,Pneumonia,J18,254,menular,Dinas Kesehatan Provinsi Jawa Timur,2024-OFFICIAL
3519,Kabupaten Madiun,2024,Q2,rawat_jalan,Demam Tifoid,A01,276,menular,Dinas Kesehatan Provinsi Jawa Timur,2024-OFFICIAL
3519,Kabupaten Madiun,2024,Q2,rawat_inap,Penyakit Jantung Iskemik,I25,129,tidak_menular,Dinas Kesehatan Provinsi Jawa Timur,2024-OFFICIAL
3519,Kabupaten Madiun,2024,Q2,rawat_jalan,Gastritis dan Duodenitis,K29,607,tidak_menular,Dinas Kesehatan Provinsi Jawa Timur,2024-OFFICIAL
3519,Kabupaten Madiun,2024,Q3,rawat_jalan,Infeksi Saluran Pernapasan Akut (ISPA),J06,1291,menular,Dinas Kesehatan Provinsi Jawa Timur,2024-OFFICIAL
3519,Kabupaten Madiun,2024,Q3,rawat_inap,Demam Berdarah Dengue (DBD),A90,364,menular,Dinas Kesehatan Provinsi Jawa Timur,2024-OFFICIAL
3519,Kabupaten Madiun,2024,Q3,rawat_inap,Tuberkulosis Paru (TB),A15,221,menular,Dinas Kesehatan Provinsi Jawa Timur,2024-OFFICIAL
3519,Kabupaten Madiun,2024,Q3,rawat_jalan,Diare dan Gastroenteritis,A09,447,menular,Dinas Kesehatan Provinsi Jawa Timur,2024-OFFICIAL
3519,Kabupaten Madiun,2024,Q3,rawat_jalan,Hipertensi Esensial,I10,674,tidak_menular,Dinas Kesehatan Provinsi Jawa Timur,2024-OFFICIAL
3519,Kabupaten Madiun,2024,Q3,rawat_jalan,Diabetes Melitus Tipe 2,E11,545,tidak_menular,Dinas Kesehatan Provinsi Jawa Timur,2024-OFFICIAL
3519,Kabupaten Madiun,2024,Q3,rawat_inap,Pneumonia,J18,135,menular,Dinas Kesehatan Provinsi Jawa Timur,2024-OFFICIAL
3519,Kabupaten Madiun,2024,Q3,rawat_jalan,Demam Tifoid,A01,238,menular,Dinas Kesehatan Provinsi Jawa Timur,2024-OFFICIAL
3519,Kabupaten Madiun,2024,Q3,rawat_inap,Penyakit Jantung Iskemik,I25,158,tidak_menular,Dinas Kesehatan Provinsi Jawa Timur,2024-OFFICIAL
3519,Kabupaten Madiun,2024,Q3,rawat_jalan,Gastritis dan Duodenitis,K29,554,tidak_menular,Dinas Kesehatan Provinsi Jawa Timur,2024-OFFICIAL
3519,Kabupaten Madiun,2024,Q4,rawat_jalan,Infeksi Saluran Pernapasan Akut (ISPA),J06,1373,menular,Dinas Kesehatan Provinsi Jawa Timur,2024-OFFICIAL
3519,Kabupaten Madiun,2024,Q4,rawat_inap,Demam Berdarah Dengue (DBD),A90,305,menular,Dinas Kesehatan Provinsi Jawa Timur,2024-OFFICIAL
3519,Kabupaten Madiun,2024,Q4,rawat_inap,Tuberkulosis Paru (TB),A15,204,menular,Dinas Kesehatan Provinsi Jawa Timur,2024-OFFICIAL
3519,Kabupaten Madiun,2024,Q4,rawat_jalan,Diare dan Gastroenteritis,A09,316,menular,Dinas Kesehatan Provinsi Jawa Timur,2024-OFFICIAL
3519,Kabupaten Madiun,2024,Q4,rawat_jalan,Hipertensi Esensial,I10,531,tidak_menular,Dinas Kesehatan Provinsi Jawa Timur,2024-OFFICIAL
3519,Kabupaten Madiun,2024,Q4,rawat_jalan,Diabetes Melitus Tipe 2,E11,438,tidak_menular,Dinas Kesehatan Provinsi Jawa Timur,2024-OFFICIAL
3519,Kabupaten Madiun,2024,Q4,rawat_inap,Pneumonia,J18,235,menular,Dinas Kesehatan Provinsi Jawa Timur,2024-OFFICIAL
3519,Kabupaten Madiun,2024,Q4,rawat_jalan,Demam Tifoid,A01,343,menular,Dinas Kesehatan Provinsi Jawa Timur,2024-OFFICIAL
3519,Kabupaten Madiun,2024,Q4,rawat_inap,Penyakit Jantung Iskemik,I25,207,tidak_menular,Dinas Kesehatan Provinsi Jawa Timur,2024-OFFICIAL
3519,Kabupaten Madiun,2024,Q4,rawat_jalan,Gastritis dan Duodenitis,K29,606,tidak_menular,Dinas Kesehatan Provinsi Jawa Timur,2024-OFFICIAL
3520,Kabupaten Magetan,2024,Q1,rawat_jalan,Infeksi Saluran Pernapasan Akut (ISPA),J06,1179,menular,Dinas Kesehatan Provinsi Jawa Timur,2024-OFFICIAL
3520,Kabupaten Magetan,2024,Q1,rawat_inap,Demam Berdarah Dengue (DBD),A90,393,menular,Dinas Kesehatan Provinsi Jawa Timur,2024-OFFICIAL
3520,Kabupaten Magetan,2024,Q1,rawat_inap,Tuberkulosis Paru (TB),A15,231,menular,Dinas Kesehatan Provinsi Jawa Timur,2024-OFFICIAL
3520,Kabupaten Magetan,2024,Q1,rawat_jalan,Diare dan Gastroenteritis,A09,679,menular,Dinas Kesehatan Provinsi Jawa Timur,2024-OFFICIAL
3520,Kabupaten Magetan,2024,Q1,rawat_jalan,Hipertensi Esensial,I10,744,tidak_menular,Dinas Kesehatan Provinsi Jawa Timur,2024-OFFICIAL
3520,Kabupaten Magetan,2024,Q1,rawat_jalan,Diabetes Melitus Tipe 2,E11,355,tidak_menular,Dinas Kesehatan Provinsi Jawa Timur,2024-OFFICIAL
3520,Kabupaten Magetan,2024,Q1,rawat_inap,Pneumonia,J18,229,menular,Dinas Kesehatan Provinsi Jawa Timur,2024-OFFICIAL
3520,Kabupaten Magetan,2024,Q1,rawat_jalan,Demam Tifoid,A01,154,menular,Dinas Kesehatan Provinsi Jawa Timur,2024-OFFICIAL
3520,Kabupaten Magetan,2024,Q1,rawat_inap,Penyakit Jantung Iskemik,I25,101,tidak_menular,Dinas Kesehatan Provinsi Jawa Timur,2024-OFFICIAL
3520,Kabupaten Magetan,2024,Q1,rawat_jalan,Gastritis dan Duodenitis,K29,394,tidak_menular,Dinas Kesehatan Provinsi Jawa Timur,2024-OFFICIAL
3520,Kabupaten Magetan,2024,Q2,rawat_jalan,Infeksi Saluran Pernapasan Akut (ISPA),J06,1245,menular,Dinas Kesehatan Provinsi Jawa Timur,2024-OFFICIAL
3520,Kabupaten Magetan,2024,Q2,rawat_inap,Demam Berdarah Dengue (DBD),A90,392,menular,Dinas Kesehatan Provinsi Jawa Timur,2024-OFFICIAL
3520,Kabupaten Magetan,2024,Q2,rawat_inap,Tuberkulosis Paru (TB),A15,176,menular,Dinas Kesehatan Provinsi Jawa Timur,2024-OFFICIAL
3520,Kabupaten Magetan,2024,Q2,rawat_jalan,Diare dan Gastroenteritis,A09,383,menular,Dinas Kesehatan Provinsi Jawa Timur,2024-OFFICIAL
3520,Kabupaten Magetan,2024,Q2,rawat_jalan,Hipertensi Esensial,I10,626,tidak_menular,Dinas Kesehatan Provinsi Jawa Timur,2024-OFFICIAL
3520,Kabupaten Magetan,2024,Q2,rawat_jalan,Diabetes Melitus Tipe 2,E11,704,tidak_menular,Dinas Kesehatan Provinsi Jawa Timur,2024-OFFICIAL
3520,Kabupaten Magetan,2024,Q2,rawat_inap,Pneumonia,J18,147,menular,Dinas Kesehatan Provinsi Jawa Timur,2024-OFFICIAL
3520,Kabupaten Magetan,2024,Q2,rawat_jalan,Demam Tifoid,A01,172,menular,Dinas Kesehatan Provinsi Jawa Timur,2024-OFFICIAL
3520,Kabupaten Magetan,2024,Q2,rawat_inap,Penyakit Jantung Iskemik,I25,196,tidak_menular,Dinas Kesehatan Provinsi Jawa Timur,2024-OFFICIAL
3520,Kabupaten Magetan,2024,Q2,rawat_jalan,Gastritis dan Duodenitis,K29,338,tidak_menular,Dinas Kesehatan Provinsi Jawa Timur,2024-OFFICIAL
3520,Kabupaten Magetan,2024,Q3,rawat_jalan,Infeksi Saluran Pernapasan Akut (ISPA),J06,1279,menular,Dinas Kesehatan Provinsi Jawa Timur,2024-OFFICIAL
3520,Kabupaten Magetan,2024,Q3,rawat_inap,Demam Berdarah Dengue (DBD),A90,390,menular,Dinas Kesehatan Provinsi Jawa Timur,2024-OFFICIAL
3520,Kabupaten Magetan,2024,Q3,rawat_inap,Tuberkulosis Paru (TB),A15,294,menular,Dinas Kesehatan Provinsi Jawa Timur,2024-OFFICIAL
3520,Kabupaten Magetan,2024,Q3,rawat_jalan,Diare dan Gastroenteritis,A09,580,menular,Dinas Kesehatan Provinsi Jawa Timur,2024-OFFICIAL
3520,Kabupaten Magetan,2024,Q3,rawat_jalan,Hipertensi Esensial,I10,1007,tidak_menular,Dinas Kesehatan Provinsi Jawa Timur,2024-OFFICIAL
3520,Kabupaten Magetan,2024,Q3,rawat_jalan,Diabetes Melitus Tipe 2,E11,455,tidak_menular,Dinas Kesehatan Provinsi Jawa Timur,2024-OFFICIAL
3520,Kabupaten Magetan,2024,Q3,rawat_inap,Pneumonia,J18,183,menular,Dinas Kesehatan Provinsi Jawa Timur,2024-OFFICIAL
3520,Kabupaten Magetan,2024,Q3,rawat_jalan,Demam Tifoid,A01,187,menular,Dinas Kesehatan Provinsi Jawa Timur,2024-OFFICIAL
3520,Kabupaten Magetan,2024,Q3,rawat_inap,Penyakit Jantung Iskemik,I25,133,tidak_menular,Dinas Kesehatan Provinsi Jawa Timur,2024-OFFICIAL
3520,Kabupaten Magetan,2024,Q3,rawat_jalan,Gastritis dan Duodenitis,K29,529,tidak_menular,Dinas Kesehatan Provinsi Jawa Timur,2024-OFFICIAL
3520,Kabupaten Magetan,2024,Q4,rawat_jalan,Infeksi Saluran Pernapasan Akut (ISPA),J06,833,menular,Dinas Kesehatan Provinsi Jawa Timur,2024-OFFICIAL
3520,Kabupaten Magetan,2024,Q4,rawat_inap,Demam Berdarah Dengue (DBD),A90,236,menular,Dinas Kesehatan Provinsi Jawa Timur,2024-OFFICIAL
3520,Kabupaten Magetan,2024,Q4,rawat_inap,Tuberkulosis Paru (TB),A15,131,menular,Dinas Kesehatan Provinsi Jawa Timur,2024-OFFICIAL
3520,Kabupaten Magetan,2024,Q4,rawat_jalan,Diare dan Gastroenteritis,A09,450,menular,Dinas Kesehatan Provinsi Jawa Timur,2024-OFFICIAL
3520,Kabupaten Magetan,2024,Q4,rawat_jalan,Hipertensi Esensial,I10,594,tidak_menular,Dinas Kesehatan Provinsi Jawa Timur,2024-OFFICIAL
3520,Kabupaten Magetan,2024,Q4,rawat_jalan,Diabetes Melitus Tipe 2,E11,635,tidak_menular,Dinas Kesehatan Provinsi Jawa Timur,2024-OFFICIAL
3520,Kabupaten Magetan,2024,Q4,rawat_inap,Pneumonia,J18,116,menular,Dinas Kesehatan Provinsi Jawa Timur,2024-OFFICIAL
3520,Kabupaten Magetan,2024,Q4,rawat_jalan,Demam Tifoid,A01,141,menular,Dinas Kesehatan Provinsi Jawa Timur,2024-OFFICIAL
3520,Kabupaten Magetan,2024,Q4,rawat_inap,Penyakit Jantung Iskemik,I25,183,tidak_menular,Dinas Kesehatan Provinsi Jawa Timur,2024-OFFICIAL
3520,Kabupaten Magetan,2024,Q4,rawat_jalan,Gastritis dan Duodenitis,K29,380,tidak_menular,Dinas Kesehatan Provinsi Jawa Timur,2024-OFFICIAL
3521,Kabupaten Ngawi,2024,Q1,rawat_jalan,Infeksi Saluran Pernapasan Akut (ISPA),J06,1013,menular,Dinas Kesehatan Provinsi Jawa Timur,2024-OFFICIAL
3521,Kabupaten Ngawi,2024,Q1,rawat_inap,Demam Berdarah Dengue (DBD),A90,470,menular,Dinas Kesehatan Provinsi Jawa Timur,2024-OFFICIAL
3521,Kabupaten Ngawi,2024,Q1,rawat_inap,Tuberkulosis Paru (TB),A15,259,menular,Dinas Kesehatan Provinsi Jawa Timur,2024-OFFICIAL
3521,Kabupaten Ngawi,2024,Q1,rawat_jalan,Diare dan Gastroenteritis,A09,658,menular,Dinas Kesehatan Provinsi Jawa Timur,2024-OFFICIAL
3521,Kabupaten Ngawi,2024,Q1,rawat_jalan,Hipertensi Esensial,I10,746,tidak_menular,Dinas Kesehatan Provinsi Jawa Timur,2024-OFFICIAL
3521,Kabupaten Ngawi,2024,Q1,rawat_jalan,Diabetes Melitus Tipe 2,E11,587,tidak_menular,Dinas Kesehatan Provinsi Jawa Timur,2024-OFFICIAL
3521,Kabupaten Ngawi,2024,Q1,rawat_inap,Pneumonia,J18,280,menular,Dinas Kesehatan Provinsi Jawa Timur,2024-OFFICIAL
3521,Kabupaten Ngawi,2024,Q1,rawat_jalan,Demam Tifoid,A01,216,menular,Dinas Kesehatan Provinsi Jawa Timur,2024-OFFICIAL
3521,Kabupaten Ngawi,2024,Q1,rawat_inap,Penyakit Jantung Iskemik,I25,284,tidak_menular,Dinas Kesehatan Provinsi Jawa Timur,2024-OFFICIAL
3521,Kabupaten Ngawi,2024,Q1,rawat_jalan,Gastritis dan Duodenitis,K29,433,tidak_menular,Dinas Kesehatan Provinsi Jawa Timur,2024-OFFICIAL
3521,Kabupaten Ngawi,2024,Q2,rawat_jalan,Infeksi Saluran Pernapasan Akut (ISPA),J06,930,menular,Dinas Kesehatan Provinsi Jawa Timur,2024-OFFICIAL
3521,Kabupaten Ngawi,2024,Q2,rawat_inap,Demam Berdarah Dengue (DBD),A90,337,menular,Dinas Kesehatan Provinsi Jawa Timur,2024-OFFICIAL
3521,Kabupaten Ngawi,2024,Q2,rawat_inap,Tuberkulosis Paru (TB),A15,223,menular,Dinas Kesehatan Provinsi Jawa Timur,2024-OFFICIAL
3521,Kabupaten Ngawi,2024,Q2,rawat_jalan,Diare dan Gastroenteritis,A09,544,menular,Dinas Kesehatan Provinsi Jawa Timur,2024-OFFICIAL
3521,Kabupaten Ngawi,2024,Q2,rawat_jalan,Hipertensi Esensial,I10,1226,tidak_menular,Dinas Kesehatan Provinsi Jawa Timur,2024-OFFICIAL
3521,Kabupaten Ngawi,2024,Q2,rawat_jalan,Diabetes Melitus Tipe 2,E11,614,tidak_menular,Dinas Kesehatan Provinsi Jawa Timur,2024-OFFICIAL
3521,Kabupaten Ngawi,2024,Q2,rawat_inap,Pneumonia,J18,114,menular,Dinas Kesehatan Provinsi Jawa Timur,2024-OFFICIAL
3521,Kabupaten Ngawi,2024,Q2,rawat_jalan,Demam Tifoid,A01,250,menular,Dinas Kesehatan Provinsi Jawa Timur,2024-OFFICIAL
3521,Kabupaten Ngawi,2024,Q2,rawat_inap,Penyakit Jantung Iskemik,I25,379,tidak_menular,Dinas Kesehatan Provinsi Jawa Timur,2024-OFFICIAL
3521,Kabupaten Ngawi,2024,Q2,rawat_jalan,Gastritis dan Duodenitis,K29,451,tidak_menular,Dinas Kesehatan Provinsi Jawa Timur,2024-OFFICIAL
3521,Kabupaten Ngawi,2024,Q3,rawat_jalan,Infeksi Saluran Pernapasan Akut (ISPA),J06,1079,menular,Dinas Kesehatan Provinsi Jawa Timur,2024-OFFICIAL
3521,Kabupaten Ngawi,2024,Q3,rawat_inap,Demam Berdarah Dengue (DBD),A90,329,menular,Dinas Kesehatan Provinsi Jawa Timur,2024-OFFICIAL
3521,Kabupaten Ngawi,2024,Q3,rawat_inap,Tuberkulosis Paru (TB),A15,242,menular,Dinas Kesehatan Provinsi Jawa Timur,2024-OFFICIAL
3521,Kabupaten Ngawi,2024,Q3,rawat_jalan,Diare dan Gastroenteritis,A09,857,menular,Dinas Kesehatan Provinsi Jawa Timur,2024-OFFICIAL
3521,Kabupaten Ngawi,2024,Q3,rawat_jalan,Hipertensi Esensial,I10,1053,tidak_menular,Dinas Kesehatan Provinsi Jawa Timur,2024-OFFICIAL
3521,Kabupaten Ngawi,2024,Q3,rawat_jalan,Diabetes Melitus Tipe 2,E11,563,tidak_menular,Dinas Kesehatan Provinsi Jawa Timur,2024-OFFICIAL
3521,Kabupaten Ngawi,2024,Q3,rawat_inap,Pneumonia,J18,275,menular,Dinas Kesehatan Provinsi Jawa Timur,2024-OFFICIAL
3521,Kabupaten Ngawi,2024,Q3,rawat_jalan,Demam Tifoid,A01,251,menular,Dinas Kesehatan Provinsi Jawa Timur,2024-OFFICIAL
3521,Kabupaten Ngawi,2024,Q3,rawat_inap,Penyakit Jantung Iskemik,I25,197,tidak_menular,Dinas Kesehatan Provinsi Jawa Timur,2024-OFFICIAL
3521,Kabupaten Ngawi,2024,Q3,rawat_jalan,Gastritis dan Duodenitis,K29,324,tidak_menular,Dinas Kesehatan Provinsi Jawa Timur,2024-OFFICIAL
3521,Kabupaten Ngawi,2024,Q4,rawat_jalan,Infeksi Saluran Pernapasan Akut (ISPA),J06,1179,menular,Dinas Kesehatan Provinsi Jawa Timur,2024-OFFICIAL
3521,Kabupaten Ngawi,2024,Q4,rawat_inap,Demam Berdarah Dengue (DBD),A90,163,menular,Dinas Kesehatan Provinsi Jawa Timur,2024-OFFICIAL
3521,Kabupaten Ngawi,2024,Q4,rawat_inap,Tuberkulosis Paru (TB),A15,378,menular,Dinas Kesehatan Provinsi Jawa Timur,2024-OFFICIAL
3521,Kabupaten Ngawi,2024,Q4,rawat_jalan,Diare dan Gastroenteritis,A09,751,menular,Dinas Kesehatan Provinsi Jawa Timur,2024-OFFICIAL
3521,Kabupaten Ngawi,2024,Q4,rawat_jalan,Hipertensi Esensial,I10,1006,tidak_menular,Dinas Kesehatan Provinsi Jawa Timur,2024-OFFICIAL
3521,Kabupaten Ngawi,2024,Q4,rawat_jalan,Diabetes Melitus Tipe 2,E11,471,tidak_menular,Dinas Kesehatan Provinsi Jawa Timur,2024-OFFICIAL
3521,Kabupaten Ngawi,2024,Q4,rawat_inap,Pneumonia,J18,107,menular,Dinas Kesehatan Provinsi Jawa Timur,2024-OFFICIAL
3521,Kabupaten Ngawi,2024,Q4,rawat_jalan,Demam Tifoid,A01,277,menular,Dinas Kesehatan Provinsi Jawa Timur,2024-OFFICIAL
3521,Kabupaten Ngawi,2024,Q4,rawat_inap,Penyakit Jantung Iskemik,I25,240,tidak_menular,Dinas Kesehatan Provinsi Jawa Timur,2024-OFFICIAL
3521,Kabupaten Ngawi,2024,Q4,rawat_jalan,Gastritis dan Duodenitis,K29,436,tidak_menular,Dinas Kesehatan Provinsi Jawa Timur,2024-OFFICIAL
3522,Kabupaten Bojonegoro,2024,Q1,rawat_jalan,Infeksi Saluran Pernapasan Akut (ISPA),J06,1639,menular,Dinas Kesehatan Provinsi Jawa Timur,2024-OFFICIAL
3522,Kabupaten Bojonegoro,2024,Q1,rawat_inap,Demam Berdarah Dengue (DBD),A90,669,menular,Dinas Kesehatan Provinsi Jawa Timur,2024-OFFICIAL
3522,Kabupaten Bojonegoro,2024,Q1,rawat_inap,Tuberkulosis Paru (TB),A15,311,menular,Dinas Kesehatan Provinsi Jawa Timur,2024-OFFICIAL
3522,Kabupaten Bojonegoro,2024,Q1,rawat_jalan,Diare dan Gastroenteritis,A09,1060,menular,Dinas Kesehatan Provinsi Jawa Timur,2024-OFFICIAL
3522,Kabupaten Bojonegoro,2024,Q1,rawat_jalan,Hipertensi Esensial,I10,2000,tidak_menular,Dinas Kesehatan Provinsi Jawa Timur,2024-OFFICIAL
3522,Kabupaten Bojonegoro,2024,Q1,rawat_jalan,Diabetes Melitus Tipe 2,E11,766,tidak_menular,Dinas Kesehatan Provinsi Jawa Timur,2024-OFFICIAL
3522,Kabupaten Bojonegoro,2024,Q1,rawat_inap,Pneumonia,J18,195,menular,Dinas Kesehatan Provinsi Jawa Timur,2024-OFFICIAL
3522,Kabupaten Bojonegoro,2024,Q1,rawat_jalan,Demam Tifoid,A01,475,menular,Dinas Kesehatan Provinsi Jawa Timur,2024-OFFICIAL
3522,Kabupaten Bojonegoro,2024,Q1,rawat_inap,Penyakit Jantung Iskemik,I25,217,tidak_menular,Dinas Kesehatan Provinsi Jawa Timur,2024-OFFICIAL
3522,Kabupaten Bojonegoro,2024,Q1,rawat_jalan,Gastritis dan Duodenitis,K29,881,tidak_menular,Dinas Kesehatan Provinsi Jawa Timur,2024-OFFICIAL
3522,Kabupaten Bojonegoro,2024,Q2,rawat_jalan,Infeksi Saluran Pernapasan Akut (ISPA),J06,1818,menular,Dinas Kesehatan Provinsi Jawa Timur,2024-OFFICIAL
3522,Kabupaten Bojonegoro,2024,Q2,rawat_inap,Demam Berdarah Dengue (DBD),A90,567,menular,Dinas Kesehatan Provinsi Jawa Timur,2024-OFFICIAL
3522,Kabupaten Bojonegoro,2024,Q2,rawat_inap,Tuberkulosis Paru (TB),A15,360,menular,Dinas Kesehatan Provinsi Jawa Timur,2024-OFFICIAL
3522,Kabupaten Bojonegoro,2024,Q2,rawat_jalan,Diare dan Gastroenteritis,A09,594,menular,Dinas Kesehatan Provinsi Jawa Timur,2024-OFFICIAL
3522,Kabupaten Bojonegoro,2024,Q2,rawat_jalan,Hipertensi Esensial,I10,1672,tidak_menular,Dinas Kesehatan Provinsi Jawa Timur,2024-OFFICIAL
3522,Kabupaten Bojonegoro,2024,Q2,rawat_jalan,Diabetes Melitus Tipe 2,E11,1173,tidak_menular,Dinas Kesehatan Provinsi Jawa Timur,2024-OFFICIAL
3522,Kabupaten Bojonegoro,2024,Q2,rawat_inap,Pneumonia,J18,206,menular,Dinas Kesehatan Provinsi Jawa Timur,2024-OFFICIAL
3522,Kabupaten Bojonegoro,2024,Q2,rawat_jalan,Demam Tifoid,A01,384,menular,Dinas Kesehatan Provinsi Jawa Timur,2024-OFFICIAL
3522,Kabupaten Bojonegoro,2024,Q2,rawat_inap,Penyakit Jantung Iskemik,I25,262,tidak_menular,Dinas Kesehatan Provinsi Jawa Timur,2024-OFFICIAL
3522,Kabupaten Bojonegoro,2024,Q2,rawat_jalan,Gastritis dan Duodenitis,K29,975,tidak_menular,Dinas Kesehatan Provinsi Jawa Timur,2024-OFFICIAL
3522,Kabupaten Bojonegoro,2024,Q3,rawat_jalan,Infeksi Saluran Pernapasan Akut (ISPA),J06,1674,menular,Dinas Kesehatan Provinsi Jawa Timur,2024-OFFICIAL
3522,Kabupaten Bojonegoro,2024,Q3,rawat_inap,Demam Berdarah Dengue (DBD),A90,694,menular,Dinas Kesehatan Provinsi Jawa Timur,2024-OFFICIAL
3522,Kabupaten Bojonegoro,2024,Q3,rawat_inap,Tuberkulosis Paru (TB),A15,213,menular,Dinas Kesehatan Provinsi Jawa Timur,2024-OFFICIAL
3522,Kabupaten Bojonegoro,2024,Q3,rawat_jalan,Diare dan Gastroenteritis,A09,848,menular,Dinas Kesehatan Provinsi Jawa Timur,2024-OFFICIAL
3522,Kabupaten Bojonegoro,2024,Q3,rawat_jalan,Hipertensi Esensial,I10,1633,tidak_menular,Dinas Kesehatan Provinsi Jawa Timur,2024-OFFICIAL
3522,Kabupaten Bojonegoro,2024,Q3,rawat_jalan,Diabetes Melitus Tipe 2,E11,1161,tidak_menular,Dinas Kesehatan Provinsi Jawa Timur,2024-OFFICIAL
3522,Kabupaten Bojonegoro,2024,Q3,rawat_inap,Pneumonia,J18,236,menular,Dinas Kesehatan Provinsi Jawa Timur,2024-OFFICIAL
3522,Kabupaten Bojonegoro,2024,Q3,rawat_jalan,Demam Tifoid,A01,433,menular,Dinas Kesehatan Provinsi Jawa Timur,2024-OFFICIAL
3522,Kabupaten Bojonegoro,2024,Q3,rawat_inap,Penyakit Jantung Iskemik,I25,349,tidak_menular,Dinas Kesehatan Provinsi Jawa Timur,2024-OFFICIAL
3522,Kabupaten Bojonegoro,2024,Q3,rawat_jalan,Gastritis dan Duodenitis,K29,956,tidak_menular,Dinas Kesehatan Provinsi Jawa Timur,2024-OFFICIAL
3522,Kabupaten Bojonegoro,2024,Q4,rawat_jalan,Infeksi Saluran Pernapasan Akut (ISPA),J06,1299,menular,Dinas Kesehatan Provinsi Jawa Timur,2024-OFFICIAL
3522,Kabupaten Bojonegoro,2024,Q4,rawat_inap,Demam Berdarah Dengue (DBD),A90,717,menular,Dinas Kesehatan Provinsi Jawa Timur,2024-OFFICIAL
3522,Kabupaten Bojonegoro,2024,Q4,rawat_inap,Tuberkulosis Paru (TB),A15,279,menular,Dinas Kesehatan Provinsi Jawa Timur,2024-OFFICIAL
3522,Kabupaten Bojonegoro,2024,Q4,rawat_jalan,Diare dan Gastroenteritis,A09,1372,menular,Dinas Kesehatan Provinsi Jawa Timur,2024-OFFICIAL
3522,Kabupaten Bojonegoro,2024,Q4,rawat_jalan,Hipertensi Esensial,I10,1363,tidak_menular,Dinas Kesehatan Provinsi Jawa Timur,2024-OFFICIAL
3522,Kabupaten Bojonegoro,2024,Q4,rawat_jalan,Diabetes Melitus Tipe 2,E11,1219,tidak_menular,Dinas Kesehatan Provinsi Jawa Timur,2024-OFFICIAL
3522,Kabupaten Bojonegoro,2024,Q4,rawat_inap,Pneumonia,J18,217,menular,Dinas Kesehatan Provinsi Jawa Timur,2024-OFFICIAL
3522,Kabupaten Bojonegoro,2024,Q4,rawat_jalan,Demam Tifoid,A01,369,menular,Dinas Kesehatan Provinsi Jawa Timur,2024-OFFICIAL
3522,Kabupaten Bojonegoro,2024,Q4,rawat_inap,Penyakit Jantung Iskemik,I25,554,tidak_menular,Dinas Kesehatan Provinsi Jawa Timur,2024-OFFICIAL
3522,Kabupaten Bojonegoro,2024,Q4,rawat_jalan,Gastritis dan Duodenitis,K29,1179,tidak_menular,Dinas Kesehatan Provinsi Jawa Timur,2024-OFFICIAL
3523,Kabupaten Tuban,2024,Q1,rawat_jalan,Infeksi Saluran Pernapasan Akut (ISPA),J06,1720,menular,Dinas Kesehatan Provinsi Jawa Timur,2024-OFFICIAL
3523,Kabupaten Tuban,2024,Q1,rawat_inap,Demam Berdarah Dengue (DBD),A90,210,menular,Dinas Kesehatan Provinsi Jawa Timur,2024-OFFICIAL
3523,Kabupaten Tuban,2024,Q1,rawat_inap,Tuberkulosis Paru (TB),A15,451,menular,Dinas Kesehatan Provinsi Jawa Timur,2024-OFFICIAL
3523,Kabupaten Tuban,2024,Q1,rawat_jalan,Diare dan Gastroenteritis,A09,1024,menular,Dinas Kesehatan Provinsi Jawa Timur,2024-OFFICIAL
3523,Kabupaten Tuban,2024,Q1,rawat_jalan,Hipertensi Esensial,I10,982,tidak_menular,Dinas Kesehatan Provinsi Jawa Timur,2024-OFFICIAL
3523,Kabupaten Tuban,2024,Q1,rawat_jalan,Diabetes Melitus Tipe 2,E11,597,tidak_menular,Dinas Kesehatan Provinsi Jawa Timur,2024-OFFICIAL
3523,Kabupaten Tuban,2024,Q1,rawat_inap,Pneumonia,J18,382,menular,Dinas Kesehatan Provinsi Jawa Timur,2024-OFFICIAL
3523,Kabupaten Tuban,2024,Q1,rawat_jalan,Demam Tifoid,A01,243,menular,Dinas Kesehatan Provinsi Jawa Timur,2024-OFFICIAL
3523,Kabupaten Tuban,2024,Q1,rawat_inap,Penyakit Jantung Iskemik,I25,321,tidak_menular,Dinas Kesehatan Provinsi Jawa Timur,2024-OFFICIAL
3523,Kabupaten Tuban,2024,Q1,rawat_jalan,Gastritis dan Duodenitis,K29,593,tidak_menular,Dinas Kesehatan Provinsi Jawa Timur,2024-OFFICIAL
3523,Kabupaten Tuban,2024,Q2,rawat_jalan,Infeksi Saluran Pernapasan Akut (ISPA),J06,1178,menular,Dinas Kesehatan Provinsi Jawa Timur,2024-OFFICIAL
3523,Kabupaten Tuban,2024,Q2,rawat_inap,Demam Berdarah Dengue (DBD),A90,199,menular,Dinas Kesehatan Provinsi Jawa Timur,2024-OFFICIAL
3523,Kabupaten Tuban,2024,Q2,rawat_inap,Tuberkulosis Paru (TB),A15,521,menular,Dinas Kesehatan Provinsi Jawa Timur,2024-OFFICIAL
3523,Kabupaten Tuban,2024,Q2,rawat_jalan,Diare dan Gastroenteritis,A09,889,menular,Dinas Kesehatan Provinsi Jawa Timur,2024-OFFICIAL
3523,Kabupaten Tuban,2024,Q2,rawat_jalan,Hipertensi Esensial,I10,2153,tidak_menular,Dinas Kesehatan Provinsi Jawa Timur,2024-OFFICIAL
3523,Kabupaten Tuban,2024,Q2,rawat_jalan,Diabetes Melitus Tipe 2,E11,1249,tidak_menular,Dinas Kesehatan Provinsi Jawa Timur,2024-OFFICIAL
3523,Kabupaten Tuban,2024,Q2,rawat_inap,Pneumonia,J18,395,menular,Dinas Kesehatan Provinsi Jawa Timur,2024-OFFICIAL
3523,Kabupaten Tuban,2024,Q2,rawat_jalan,Demam Tifoid,A01,575,menular,Dinas Kesehatan Provinsi Jawa Timur,2024-OFFICIAL
3523,Kabupaten Tuban,2024,Q2,rawat_inap,Penyakit Jantung Iskemik,I25,303,tidak_menular,Dinas Kesehatan Provinsi Jawa Timur,2024-OFFICIAL
3523,Kabupaten Tuban,2024,Q2,rawat_jalan,Gastritis dan Duodenitis,K29,598,tidak_menular,Dinas Kesehatan Provinsi Jawa Timur,2024-OFFICIAL
3523,Kabupaten Tuban,2024,Q3,rawat_jalan,Infeksi Saluran Pernapasan Akut (ISPA),J06,995,menular,Dinas Kesehatan Provinsi Jawa Timur,2024-OFFICIAL
3523,Kabupaten Tuban,2024,Q3,rawat_inap,Demam Berdarah Dengue (DBD),A90,587,menular,Dinas Kesehatan Provinsi Jawa Timur,2024-OFFICIAL
3523,Kabupaten Tuban,2024,Q3,rawat_inap,Tuberkulosis Paru (TB),A15,348,menular,Dinas Kesehatan Provinsi Jawa Timur,2024-OFFICIAL
3523,Kabupaten Tuban,2024,Q3,rawat_jalan,Diare dan Gastroenteritis,A09,501,menular,Dinas Kesehatan Provinsi Jawa Timur,2024-OFFICIAL
3523,Kabupaten Tuban,2024,Q3,rawat_jalan,Hipertensi Esensial,I10,951,tidak_menular,Dinas Kesehatan Provinsi Jawa Timur,2024-OFFICIAL
3523,Kabupaten Tuban,2024,Q3,rawat_jalan,Diabetes Melitus Tipe 2,E11,732,tidak_menular,Dinas Kesehatan Provinsi Jawa Timur,2024-OFFICIAL
3523,Kabupaten Tuban,2024,Q3,rawat_inap,Pneumonia,J18,331,menular,Dinas Kesehatan Provinsi Jawa Timur,2024-OFFICIAL
3523,Kabupaten Tuban,2024,Q3,rawat_jalan,Demam Tifoid,A01,556,menular,Dinas Kesehatan Provinsi Jawa Timur,2024-OFFICIAL
3523,Kabupaten Tuban,2024,Q3,rawat_inap,Penyakit Jantung Iskemik,I25,502,tidak_menular,Dinas Kesehatan Provinsi Jawa Timur,2024-OFFICIAL
3523,Kabupaten Tuban,2024,Q3,rawat_jalan,Gastritis dan Duodenitis,K29,828,tidak_menular,Dinas Kesehatan Provinsi Jawa Timur,2024-OFFICIAL
3523,Kabupaten Tuban,2024,Q4,rawat_jalan,Infeksi Saluran Pernapasan Akut (ISPA),J06,1781,menular,Dinas Kesehatan Provinsi Jawa Timur,2024-OFFICIAL
3523,Kabupaten Tuban,2024,Q4,rawat_inap,Demam Berdarah Dengue (DBD),A90,526,menular,Dinas Kesehatan Provinsi Jawa Timur,2024-OFFICIAL
3523,Kabupaten Tuban,2024,Q4,rawat_inap,Tuberkulosis Paru (TB),A15,125,menular,Dinas Kesehatan Provinsi Jawa Timur,2024-OFFICIAL
3523,Kabupaten Tuban,2024,Q4,rawat_jalan,Diare dan Gastroenteritis,A09,877,menular,Dinas Kesehatan Provinsi Jawa Timur,2024-OFFICIAL
3523,Kabupaten Tuban,2024,Q4,rawat_jalan,Hipertensi Esensial,I10,1192,tidak_menular,Dinas Kesehatan Provinsi Jawa Timur,2024-OFFICIAL
3523,Kabupaten Tuban,2024,Q4,rawat_jalan,Diabetes Melitus Tipe 2,E11,1132,tidak_menular,Dinas Kesehatan Provinsi Jawa Timur,2024-OFFICIAL
3523,Kabupaten Tuban,2024,Q4,rawat_inap,Pneumonia,J18,356,menular,Dinas Kesehatan Provinsi Jawa Timur,2024-OFFICIAL
3523,Kabupaten Tuban,2024,Q4,rawat_jalan,Demam Tifoid,A01,582,menular,Dinas Kesehatan Provinsi Jawa Timur,2024-OFFICIAL
3523,Kabupaten Tuban,2024,Q4,rawat_inap,Penyakit Jantung Iskemik,I25,346,tidak_menular,Dinas Kesehatan Provinsi Jawa Timur,2024-OFFICIAL
3523,Kabupaten Tuban,2024,Q4,rawat_jalan,Gastritis dan Duodenitis,K29,681,tidak_menular,Dinas Kesehatan Provinsi Jawa Timur,2024-OFFICIAL
3524,Kabupaten Lamongan,2024,Q1,rawat_jalan,Infeksi Saluran Pernapasan Akut (ISPA),J06,2547,menular,Dinas Kesehatan Provinsi Jawa Timur,2024-OFFICIAL
3524,Kabupaten Lamongan,2024,Q1,rawat_inap,Demam Berdarah Dengue (DBD),A90,683,menular,Dinas Kesehatan Provinsi Jawa Timur,2024-OFFICIAL
3524,Kabupaten Lamongan,2024,Q1,rawat_inap,Tuberkulosis Paru (TB),A15,451,menular,Dinas Kesehatan Provinsi Jawa Timur,2024-OFFICIAL
3524,Kabupaten Lamongan,2024,Q1,rawat_jalan,Diare dan Gastroenteritis,A09,1406,menular,Dinas Kesehatan Provinsi Jawa Timur,2024-OFFICIAL
3524,Kabupaten Lamongan,2024,Q1,rawat_jalan,Hipertensi Esensial,I10,2160,tidak_menular,Dinas Kesehatan Provinsi Jawa Timur,2024-OFFICIAL
3524,Kabupaten Lamongan,2024,Q1,rawat_jalan,Diabetes Melitus Tipe 2,E11,875,tidak_menular,Dinas Kesehatan Provinsi Jawa Timur,2024-OFFICIAL
3524,Kabupaten Lamongan,2024,Q1,rawat_inap,Pneumonia,J18,323,menular,Dinas Kesehatan Provinsi Jawa Timur,2024-OFFICIAL
3524,Kabupaten Lamongan,2024,Q1,rawat_jalan,Demam Tifoid,A01,549,menular,Dinas Kesehatan Provinsi Jawa Timur,2024-OFFICIAL
3524,Kabupaten Lamongan,2024,Q1,rawat_inap,Penyakit Jantung Iskemik,I25,349,tidak_menular,Dinas Kesehatan Provinsi Jawa Timur,2024-OFFICIAL
3524,Kabupaten Lamongan,2024,Q1,rawat_jalan,Gastritis dan Duodenitis,K29,891,tidak_menular,Dinas Kesehatan Provinsi Jawa Timur,2024-OFFICIAL
3524,Kabupaten Lamongan,2024,Q2,rawat_jalan,Infeksi Saluran Pernapasan Akut (ISPA),J06,1802,menular,Dinas Kesehatan Provinsi Jawa Timur,2024-OFFICIAL
3524,Kabupaten Lamongan,2024,Q2,rawat_inap,Demam Berdarah Dengue (DBD),A90,287,menular,Dinas Kesehatan Provinsi Jawa Timur,2024-OFFICIAL
3524,Kabupaten Lamongan,2024,Q2,rawat_inap,Tuberkulosis Paru (TB),A15,575,menular,Dinas Kesehatan Provinsi Jawa Timur,2024-OFFICIAL
3524,Kabupaten Lamongan,2024,Q2,rawat_jalan,Diare dan Gastroenteritis,A09,1039,menular,Dinas Kesehatan Provinsi Jawa Timur,2024-OFFICIAL
3524,Kabupaten Lamongan,2024,Q2,rawat_jalan,Hipertensi Esensial,I10,948,tidak_menular,Dinas Kesehatan Provinsi Jawa Timur,2024-OFFICIAL
3524,Kabupaten Lamongan,2024,Q2,rawat_jalan,Diabetes Melitus Tipe 2,E11,1487,tidak_menular,Dinas Kesehatan Provinsi Jawa Timur,2024-OFFICIAL
3524,Kabupaten Lamongan,2024,Q2,rawat_inap,Pneumonia,J18,234,menular,Dinas Kesehatan Provinsi Jawa Timur,2024-OFFICIAL
3524,Kabupaten Lamongan,2024,Q2,rawat_jalan,Demam Tifoid,A01,352,menular,Dinas Kesehatan Provinsi Jawa Timur,2024-OFFICIAL
3524,Kabupaten Lamongan,2024,Q2,rawat_inap,Penyakit Jantung Iskemik,I25,361,tidak_menular,Dinas Kesehatan Provinsi Jawa Timur,2024-OFFICIAL
3524,Kabupaten Lamongan,2024,Q2,rawat_jalan,Gastritis dan Duodenitis,K29,531,tidak_menular,Dinas Kesehatan Provinsi Jawa Timur,2024-OFFICIAL
3524,Kabupaten Lamongan,2024,Q3,rawat_jalan,Infeksi Saluran Pernapasan Akut (ISPA),J06,2546,menular,Dinas Kesehatan Provinsi Jawa Timur,2024-OFFICIAL
3524,Kabupaten Lamongan,2024,Q3,rawat_inap,Demam Berdarah Dengue (DBD),A90,527,menular,Dinas Kesehatan Provinsi Jawa Timur,2024-OFFICIAL
3524,Kabupaten Lamongan,2024,Q3,rawat_inap,Tuberkulosis Paru (TB),A15,147,menular,Dinas Kesehatan Provinsi Jawa Timur,2024-OFFICIAL
3524,Kabupaten Lamongan,2024,Q3,rawat_jalan,Diare dan Gastroenteritis,A09,1142,menular,Dinas Kesehatan Provinsi Jawa Timur,2024-OFFICIAL
3524,Kabupaten Lamongan,2024,Q3,rawat_jalan,Hipertensi Esensial,I10,2296,tidak_menular,Dinas Kesehatan Provinsi Jawa Timur,2024-OFFICIAL
3524,Kabupaten Lamongan,2024,Q3,rawat_jalan,Diabetes Melitus Tipe 2,E11,794,tidak_menular,Dinas Kesehatan Provinsi Jawa Timur,2024-OFFICIAL
3524,Kabupaten Lamongan,2024,Q3,rawat_inap,Pneumonia,J18,253,menular,Dinas Kesehatan Provinsi Jawa Timur,2024-OFFICIAL
3524,Kabupaten Lamongan,2024,Q3,rawat_jalan,Demam Tifoid,A01,299,menular,Dinas Kesehatan Provinsi Jawa Timur,2024-OFFICIAL
3524,Kabupaten Lamongan,2024,Q3,rawat_inap,Penyakit Jantung Iskemik,I25,511,tidak_menular,Dinas Kesehatan Provinsi Jawa Timur,2024-OFFICIAL
3524,Kabupaten Lamongan,2024,Q3,rawat_jalan,Gastritis dan Duodenitis,K29,524,tidak_menular,Dinas Kesehatan Provinsi Jawa Timur,2024-OFFICIAL
3524,Kabupaten Lamongan,2024,Q4,rawat_jalan,Infeksi Saluran Pernapasan Akut (ISPA),J06,1695,menular,Dinas Kesehatan Provinsi Jawa Timur,2024-OFFICIAL
3524,Kabupaten Lamongan,2024,Q4,rawat_inap,Demam Berdarah Dengue (DBD),A90,496,menular,Dinas Kesehatan Provinsi Jawa Timur,2024-OFFICIAL
3524,Kabupaten Lamongan,2024,Q4,rawat_inap,Tuberkulosis Paru (TB),A15,380,menular,Dinas Kesehatan Provinsi Jawa Timur,2024-OFFICIAL
3524,Kabupaten Lamongan,2024,Q4,rawat_jalan,Diare dan Gastroenteritis,A09,1115,menular,Dinas Kesehatan Provinsi Jawa Timur,2024-OFFICIAL
3524,Kabupaten Lamongan,2024,Q4,rawat_jalan,Hipertensi Esensial,I10,1556,tidak_menular,Dinas Kesehatan Provinsi Jawa Timur,2024-OFFICIAL
3524,Kabupaten Lamongan,2024,Q4,rawat_jalan,Diabetes Melitus Tipe 2,E11,1225,tidak_menular,Dinas Kesehatan Provinsi Jawa Timur,2024-OFFICIAL
3524,Kabupaten Lamongan,2024,Q4,rawat_inap,Pneumonia,J18,195,menular,Dinas Kesehatan Provinsi Jawa Timur,2024-OFFICIAL
3524,Kabupaten Lamongan,2024,Q4,rawat_jalan,Demam Tifoid,A01,539,menular,Dinas Kesehatan Provinsi Jawa Timur,2024-OFFICIAL
3524,Kabupaten Lamongan,2024,Q4,rawat_inap,Penyakit Jantung Iskemik,I25,579,tidak_menular,Dinas Kesehatan Provinsi Jawa Timur,2024-OFFICIAL
3524,Kabupaten Lamongan,2024,Q4,rawat_jalan,Gastritis dan Duodenitis,K29,795,tidak_menular,Dinas Kesehatan Provinsi Jawa Timur,2024-OFFICIAL
3525,Kabupaten Gresik,2024,Q1,rawat_jalan,Infeksi Saluran Pernapasan Akut (ISPA),J06,1200,menular,Dinas Kesehatan Provinsi Jawa Timur,2024-OFFICIAL
3525,Kabupaten Gresik,2024,Q1,rawat_inap,Demam Berdarah Dengue (DBD),A90,682,menular,Dinas Kesehatan Provinsi Jawa Timur,2024-OFFICIAL
3525,Kabupaten Gresik,2024,Q1,rawat_inap,Tuberkulosis Paru (TB),A15,573,menular,Dinas Kesehatan Provinsi Jawa Timur,2024-OFFICIAL
3525,Kabupaten Gresik,2024,Q1,rawat_jalan,Diare dan Gastroenteritis,A09,851,menular,Dinas Kesehatan Provinsi Jawa Timur,2024-OFFICIAL
3525,Kabupaten Gresik,2024,Q1,rawat_jalan,Hipertensi Esensial,I10,2036,tidak_menular,Dinas Kesehatan Provinsi Jawa Timur,2024-OFFICIAL
3525,Kabupaten Gresik,2024,Q1,rawat_jalan,Diabetes Melitus Tipe 2,E11,1171,tidak_menular,Dinas Kesehatan Provinsi Jawa Timur,2024-OFFICIAL
3525,Kabupaten Gresik,2024,Q1,rawat_inap,Pneumonia,J18,231,menular,Dinas Kesehatan Provinsi Jawa Timur,2024-OFFICIAL
3525,Kabupaten Gresik,2024,Q1,rawat_jalan,Demam Tifoid,A01,430,menular,Dinas Kesehatan Provinsi Jawa Timur,2024-OFFICIAL
3525,Kabupaten Gresik,2024,Q1,rawat_inap,Penyakit Jantung Iskemik,I25,435,tidak_menular,Dinas Kesehatan Provinsi Jawa Timur,2024-OFFICIAL
3525,Kabupaten Gresik,2024,Q1,rawat_jalan,Gastritis dan Duodenitis,K29,464,tidak_menular,Dinas Kesehatan Provinsi Jawa Timur,2024-OFFICIAL
3525,Kabupaten Gresik,2024,Q2,rawat_jalan,Infeksi Saluran Pernapasan Akut (ISPA),J06,1385,menular,Dinas Kesehatan Provinsi Jawa Timur,2024-OFFICIAL
3525,Kabupaten Gresik,2024,Q2,rawat_inap,Demam Berdarah Dengue (DBD),A90,394,menular,Dinas Kesehatan Provinsi Jawa Timur,2024-OFFICIAL
3525,Kabupaten Gresik,2024,Q2,rawat_inap,Tuberkulosis Paru (TB),A15,548,menular,Dinas Kesehatan Provinsi Jawa Timur,2024-OFFICIAL
3525,Kabupaten Gresik,2024,Q2,rawat_jalan,Diare dan Gastroenteritis,A09,1184,menular,Dinas Kesehatan Provinsi Jawa Timur,2024-OFFICIAL
3525,Kabupaten Gresik,2024,Q2,rawat_jalan,Hipertensi Esensial,I10,1786,tidak_menular,Dinas Kesehatan Provinsi Jawa Timur,2024-OFFICIAL
3525,Kabupaten Gresik,2024,Q2,rawat_jalan,Diabetes Melitus Tipe 2,E11,662,tidak_menular,Dinas Kesehatan Provinsi Jawa Timur,2024-OFFICIAL
3525,Kabupaten Gresik,2024,Q2,rawat_inap,Pneumonia,J18,259,menular,Dinas Kesehatan Provinsi Jawa Timur,2024-OFFICIAL
3525,Kabupaten Gresik,2024,Q2,rawat_jalan,Demam Tifoid,A01,411,menular,Dinas Kesehatan Provinsi Jawa Timur,2024-OFFICIAL
3525,Kabupaten Gresik,2024,Q2,rawat_inap,Penyakit Jantung Iskemik,I25,372,tidak_menular,Dinas Kesehatan Provinsi Jawa Timur,2024-OFFICIAL
3525,Kabupaten Gresik,2024,Q2,rawat_jalan,Gastritis dan Duodenitis,K29,784,tidak_menular,Dinas Kesehatan Provinsi Jawa Timur,2024-OFFICIAL
3525,Kabupaten Gresik,2024,Q3,rawat_jalan,Infeksi Saluran Pernapasan Akut (ISPA),J06,2157,menular,Dinas Kesehatan Provinsi Jawa Timur,2024-OFFICIAL
3525,Kabupaten Gresik,2024,Q3,rawat_inap,Demam Berdarah Dengue (DBD),A90,510,menular,Dinas Kesehatan Provinsi Jawa Timur,2024-OFFICIAL
3525,Kabupaten Gresik,2024,Q3,rawat_inap,Tuberkulosis Paru (TB),A15,439,menular,Dinas Kesehatan Provinsi Jawa Timur,2024-OFFICIAL
3525,Kabupaten Gresik,2024,Q3,rawat_jalan,Diare dan Gastroenteritis,A09,1024,menular,Dinas Kesehatan Provinsi Jawa Timur,2024-OFFICIAL
3525,Kabupaten Gresik,2024,Q3,rawat_jalan,Hipertensi Esensial,I10,1716,tidak_menular,Dinas Kesehatan Provinsi Jawa Timur,2024-OFFICIAL
3525,Kabupaten Gresik,2024,Q3,rawat_jalan,Diabetes Melitus Tipe 2,E11,636,tidak_menular,Dinas Kesehatan Provinsi Jawa Timur,2024-OFFICIAL
3525,Kabupaten Gresik,2024,Q3,rawat_inap,Pneumonia,J18,453,menular,Dinas Kesehatan Provinsi Jawa Timur,2024-OFFICIAL
3525,Kabupaten Gresik,2024,Q3,rawat_jalan,Demam Tifoid,A01,640,menular,Dinas Kesehatan Provinsi Jawa Timur,2024-OFFICIAL
3525,Kabupaten Gresik,2024,Q3,rawat_inap,Penyakit Jantung Iskemik,I25,329,tidak_menular,Dinas Kesehatan Provinsi Jawa Timur,2024-OFFICIAL
3525,Kabupaten Gresik,2024,Q3,rawat_jalan,Gastritis dan Duodenitis,K29,850,tidak_menular,Dinas Kesehatan Provinsi Jawa Timur,2024-OFFICIAL
3525,Kabupaten Gresik,2024,Q4,rawat_jalan,Infeksi Saluran Pernapasan Akut (ISPA),J06,2200,menular,Dinas Kesehatan Provinsi Jawa Timur,2024-OFFICIAL
3525,Kabupaten Gresik,2024,Q4,rawat_inap,Demam Berdarah Dengue (DBD),A90,277,menular,Dinas Kesehatan Provinsi Jawa Timur,2024-OFFICIAL
3525,Kabupaten Gresik,2024,Q4,rawat_inap,Tuberkulosis Paru (TB),A15,251,menular,Dinas Kesehatan Provinsi Jawa Timur,2024-OFFICIAL
3525,Kabupaten Gresik,2024,Q4,rawat_jalan,Diare dan Gastroenteritis,A09,1205,menular,Dinas Kesehatan Provinsi Jawa Timur,2024-OFFICIAL
3525,Kabupaten Gresik,2024,Q4,rawat_jalan,Hipertensi Esensial,I10,990,tidak_menular,Dinas Kesehatan Provinsi Jawa Timur,2024-OFFICIAL
3525,Kabupaten Gresik,2024,Q4,rawat_jalan,Diabetes Melitus Tipe 2,E11,1308,tidak_menular,Dinas Kesehatan Provinsi Jawa Timur,2024-OFFICIAL
3525,Kabupaten Gresik,2024,Q4,rawat_inap,Pneumonia,J18,267,menular,Dinas Kesehatan Provinsi Jawa Timur,2024-OFFICIAL
3525,Kabupaten Gresik,2024,Q4,rawat_jalan,Demam Tifoid,A01,339,menular,Dinas Kesehatan Provinsi Jawa Timur,2024-OFFICIAL
3525,Kabupaten Gresik,2024,Q4,rawat_inap,Penyakit Jantung Iskemik,I25,379,tidak_menular,Dinas Kesehatan Provinsi Jawa Timur,2024-OFFICIAL
3525,Kabupaten Gresik,2024,Q4,rawat_jalan,Gastritis dan Duodenitis,K29,906,tidak_menular,Dinas Kesehatan Provinsi Jawa Timur,2024-OFFICIAL
3526,Kabupaten Bangkalan,2024,Q1,rawat_jalan,Infeksi Saluran Pernapasan Akut (ISPA),J06,1474,menular,Dinas Kesehatan Provinsi Jawa Timur,2024-OFFICIAL
3526,Kabupaten Bangkalan,2024,Q1,rawat_inap,Demam Berdarah Dengue (DBD),A90,604,menular,Dinas Kesehatan Provinsi Jawa Timur,2024-OFFICIAL
3526,Kabupaten Bangkalan,2024,Q1,rawat_inap,Tuberkulosis Paru (TB),A15,352,menular,Dinas Kesehatan Provinsi Jawa Timur,2024-OFFICIAL
3526,Kabupaten Bangkalan,2024,Q1,rawat_jalan,Diare dan Gastroenteritis,A09,780,menular,Dinas Kesehatan Provinsi Jawa Timur,2024-OFFICIAL
3526,Kabupaten Bangkalan,2024,Q1,rawat_jalan,Hipertensi Esensial,I10,1594,tidak_menular,Dinas Kesehatan Provinsi Jawa Timur,2024-OFFICIAL
3526,Kabupaten Bangkalan,2024,Q1,rawat_jalan,Diabetes Melitus Tipe 2,E11,515,tidak_menular,Dinas Kesehatan Provinsi Jawa Timur,2024-OFFICIAL
3526,Kabupaten Bangkalan,2024,Q1,rawat_inap,Pneumonia,J18,345,menular,Dinas Kesehatan Provinsi Jawa Timur,2024-OFFICIAL
3526,Kabupaten Bangkalan,2024,Q1,rawat_jalan,Demam Tifoid,A01,479,menular,Dinas Kesehatan Provinsi Jawa Timur,2024-OFFICIAL
3526,Kabupaten Bangkalan,2024,Q1,rawat_inap,Penyakit Jantung Iskemik,I25,382,tidak_menular,Dinas Kesehatan Provinsi Jawa Timur,2024-OFFICIAL
3526,Kabupaten Bangkalan,2024,Q1,rawat_jalan,Gastritis dan Duodenitis,K29,561,tidak_menular,Dinas Kesehatan Provinsi Jawa Timur,2024-OFFICIAL
3526,Kabupaten Bangkalan,2024,Q2,rawat_jalan,Infeksi Saluran Pernapasan Akut (ISPA),J06,1299,menular,Dinas Kesehatan Provinsi Jawa Timur,2024-OFFICIAL
3526,Kabupaten Bangkalan,2024,Q2,rawat_inap,Demam Berdarah Dengue (DBD),A90,503,menular,Dinas Kesehatan Provinsi Jawa Timur,2024-OFFICIAL
3526,Kabupaten Bangkalan,2024,Q2,rawat_inap,Tuberkulosis Paru (TB),A15,197,menular,Dinas Kesehatan Provinsi Jawa Timur,2024-OFFICIAL
3526,Kabupaten Bangkalan,2024,Q2,rawat_jalan,Diare dan Gastroenteritis,A09,772,menular,Dinas Kesehatan Provinsi Jawa Timur,2024-OFFICIAL
3526,Kabupaten Bangkalan,2024,Q2,rawat_jalan,Hipertensi Esensial,I10,1364,tidak_menular,Dinas Kesehatan Provinsi Jawa Timur,2024-OFFICIAL
3526,Kabupaten Bangkalan,2024,Q2,rawat_jalan,Diabetes Melitus Tipe 2,E11,825,tidak_menular,Dinas Kesehatan Provinsi Jawa Timur,2024-OFFICIAL
3526,Kabupaten Bangkalan,2024,Q2,rawat_inap,Pneumonia,J18,320,menular,Dinas Kesehatan Provinsi Jawa Timur,2024-OFFICIAL
3526,Kabupaten Bangkalan,2024,Q2,rawat_jalan,Demam Tifoid,A01,361,menular,Dinas Kesehatan Provinsi Jawa Timur,2024-OFFICIAL
3526,Kabupaten Bangkalan,2024,Q2,rawat_inap,Penyakit Jantung Iskemik,I25,199,tidak_menular,Dinas Kesehatan Provinsi Jawa Timur,2024-OFFICIAL
3526,Kabupaten Bangkalan,2024,Q2,rawat_jalan,Gastritis dan Duodenitis,K29,893,tidak_menular,Dinas Kesehatan Provinsi Jawa Timur,2024-OFFICIAL
3526,Kabupaten Bangkalan,2024,Q3,rawat_jalan,Infeksi Saluran Pernapasan Akut (ISPA),J06,1913,menular,Dinas Kesehatan Provinsi Jawa Timur,2024-OFFICIAL
3526,Kabupaten Bangkalan,2024,Q3,rawat_inap,Demam Berdarah Dengue (DBD),A90,374,menular,Dinas Kesehatan Provinsi Jawa Timur,2024-OFFICIAL
3526,Kabupaten Bangkalan,2024,Q3,rawat_inap,Tuberkulosis Paru (TB),A15,168,menular,Dinas Kesehatan Provinsi Jawa Timur,2024-OFFICIAL
3526,Kabupaten Bangkalan,2024,Q3,rawat_jalan,Diare dan Gastroenteritis,A09,787,menular,Dinas Kesehatan Provinsi Jawa Timur,2024-OFFICIAL
3526,Kabupaten Bangkalan,2024,Q3,rawat_jalan,Hipertensi Esensial,I10,969,tidak_menular,Dinas Kesehatan Provinsi Jawa Timur,2024-OFFICIAL
3526,Kabupaten Bangkalan,2024,Q3,rawat_jalan,Diabetes Melitus Tipe 2,E11,873,tidak_menular,Dinas Kesehatan Provinsi Jawa Timur,2024-OFFICIAL
3526,Kabupaten Bangkalan,2024,Q3,rawat_inap,Pneumonia,J18,215,menular,Dinas Kesehatan Provinsi Jawa Timur,2024-OFFICIAL
3526,Kabupaten Bangkalan,2024,Q3,rawat_jalan,Demam Tifoid,A01,411,menular,Dinas Kesehatan Provinsi Jawa Timur,2024-OFFICIAL
3526,Kabupaten Bangkalan,2024,Q3,rawat_inap,Penyakit Jantung Iskemik,I25,197,tidak_menular,Dinas Kesehatan Provinsi Jawa Timur,2024-OFFICIAL
3526,Kabupaten Bangkalan,2024,Q3,rawat_jalan,Gastritis dan Duodenitis,K29,901,tidak_menular,Dinas Kesehatan Provinsi Jawa Timur,2024-OFFICIAL
3526,Kabupaten Bangkalan,2024,Q4,rawat_jalan,Infeksi Saluran Pernapasan Akut (ISPA),J06,1007,menular,Dinas Kesehatan Provinsi Jawa Timur,2024-OFFICIAL
3526,Kabupaten Bangkalan,2024,Q4,rawat_inap,Demam Berdarah Dengue (DBD),A90,269,menular,Dinas Kesehatan Provinsi Jawa Timur,2024-OFFICIAL
3526,Kabupaten Bangkalan,2024,Q4,rawat_inap,Tuberkulosis Paru (TB),A15,341,menular,Dinas Kesehatan Provinsi Jawa Timur,2024-OFFICIAL
3526,Kabupaten Bangkalan,2024,Q4,rawat_jalan,Diare dan Gastroenteritis,A09,816,menular,Dinas Kesehatan Provinsi Jawa Timur,2024-OFFICIAL
3526,Kabupaten Bangkalan,2024,Q4,rawat_jalan,Hipertensi Esensial,I10,995,tidak_menular,Dinas Kesehatan Provinsi Jawa Timur,2024-OFFICIAL
3526,Kabupaten Bangkalan,2024,Q4,rawat_jalan,Diabetes Melitus Tipe 2,E11,684,tidak_menular,Dinas Kesehatan Provinsi Jawa Timur,2024-OFFICIAL
3526,Kabupaten Bangkalan,2024,Q4,rawat_inap,Pneumonia,J18,148,menular,Dinas Kesehatan Provinsi Jawa Timur,2024-OFFICIAL
3526,Kabupaten Bangkalan,2024,Q4,rawat_jalan,Demam Tifoid,A01,428,menular,Dinas Kesehatan Provinsi Jawa Timur,2024-OFFICIAL
3526,Kabupaten Bangkalan,2024,Q4,rawat_inap,Penyakit Jantung Iskemik,I25,331,tidak_menular,Dinas Kesehatan Provinsi Jawa Timur,2024-OFFICIAL
3526,Kabupaten Bangkalan,2024,Q4,rawat_jalan,Gastritis dan Duodenitis,K29,744,tidak_menular,Dinas Kesehatan Provinsi Jawa Timur,2024-OFFICIAL
3527,Kabupaten Sampang,2024,Q1,rawat_jalan,Infeksi Saluran Pernapasan Akut (ISPA),J06,1286,menular,Dinas Kesehatan Provinsi Jawa Timur,2024-OFFICIAL
3527,Kabupaten Sampang,2024,Q1,rawat_inap,Demam Berdarah Dengue (DBD),A90,245,menular,Dinas Kesehatan Provinsi Jawa Timur,2024-OFFICIAL
3527,Kabupaten Sampang,2024,Q1,rawat_inap,Tuberkulosis Paru (TB),A15,174,menular,Dinas Kesehatan Provinsi Jawa Timur,2024-OFFICIAL
3527,Kabupaten Sampang,2024,Q1,rawat_jalan,Diare dan Gastroenteritis,A09,899,menular,Dinas Kesehatan Provinsi Jawa Timur,2024-OFFICIAL
3527,Kabupaten Sampang,2024,Q1,rawat_jalan,Hipertensi Esensial,I10,847,tidak_menular,Dinas Kesehatan Provinsi Jawa Timur,2024-OFFICIAL
3527,Kabupaten Sampang,2024,Q1,rawat_jalan,Diabetes Melitus Tipe 2,E11,448,tidak_menular,Dinas Kesehatan Provinsi Jawa Timur,2024-OFFICIAL
3527,Kabupaten Sampang,2024,Q1,rawat_inap,Pneumonia,J18,136,menular,Dinas Kesehatan Provinsi Jawa Timur,2024-OFFICIAL
3527,Kabupaten Sampang,2024,Q1,rawat_jalan,Demam Tifoid,A01,401,menular,Dinas Kesehatan Provinsi Jawa Timur,2024-OFFICIAL
3527,Kabupaten Sampang,2024,Q1,rawat_inap,Penyakit Jantung Iskemik,I25,239,tidak_menular,Dinas Kesehatan Provinsi Jawa Timur,2024-OFFICIAL
3527,Kabupaten Sampang,2024,Q1,rawat_jalan,Gastritis dan Duodenitis,K29,542,tidak_menular,Dinas Kesehatan Provinsi Jawa Timur,2024-OFFICIAL
3527,Kabupaten Sampang,2024,Q2,rawat_jalan,Infeksi Saluran Pernapasan Akut (ISPA),J06,941,menular,Dinas Kesehatan Provinsi Jawa Timur,2024-OFFICIAL
3527,Kabupaten Sampang,2024,Q2,rawat_inap,Demam Berdarah Dengue (DBD),A90,347,menular,Dinas Kesehatan Provinsi Jawa Timur,2024-OFFICIAL
3527,Kabupaten Sampang,2024,Q2,rawat_inap,Tuberkulosis Paru (TB),A15,336,menular,Dinas Kesehatan Provinsi Jawa Timur,2024-OFFICIAL
3527,Kabupaten Sampang,2024,Q2,rawat_jalan,Diare dan Gastroenteritis,A09,753,menular,Dinas Kesehatan Provinsi Jawa Timur,2024-OFFICIAL
3527,Kabupaten Sampang,2024,Q2,rawat_jalan,Hipertensi Esensial,I10,980,tidak_menular,Dinas Kesehatan Provinsi Jawa Timur,2024-OFFICIAL
3527,Kabupaten Sampang,2024,Q2,rawat_jalan,Diabetes Melitus Tipe 2,E11,1052,tidak_menular,Dinas Kesehatan Provinsi Jawa Timur,2024-OFFICIAL
3527,Kabupaten Sampang,2024,Q2,rawat_inap,Pneumonia,J18,152,menular,Dinas Kesehatan Provinsi Jawa Timur,2024-OFFICIAL
3527,Kabupaten Sampang,2024,Q2,rawat_jalan,Demam Tifoid,A01,220,menular,Dinas Kesehatan Provinsi Jawa Timur,2024-OFFICIAL
3527,Kabupaten Sampang,2024,Q2,rawat_inap,Penyakit Jantung Iskemik,I25,341,tidak_menular,Dinas Kesehatan Provinsi Jawa Timur,2024-OFFICIAL
3527,Kabupaten Sampang,2024,Q2,rawat_jalan,Gastritis dan Duodenitis,K29,353,tidak_menular,Dinas Kesehatan Provinsi Jawa Timur,2024-OFFICIAL
3527,Kabupaten Sampang,2024,Q3,rawat_jalan,Infeksi Saluran Pernapasan Akut (ISPA),J06,1393,menular,Dinas Kesehatan Provinsi Jawa Timur,2024-OFFICIAL
3527,Kabupaten Sampang,2024,Q3,rawat_inap,Demam Berdarah Dengue (DBD),A90,157,menular,Dinas Kesehatan Provinsi Jawa Timur,2024-OFFICIAL
3527,Kabupaten Sampang,2024,Q3,rawat_inap,Tuberkulosis Paru (TB),A15,202,menular,Dinas Kesehatan Provinsi Jawa Timur,2024-OFFICIAL
3527,Kabupaten Sampang,2024,Q3,rawat_jalan,Diare dan Gastroenteritis,A09,753,menular,Dinas Kesehatan Provinsi Jawa Timur,2024-OFFICIAL
3527,Kabupaten Sampang,2024,Q3,rawat_jalan,Hipertensi Esensial,I10,1268,tidak_menular,Dinas Kesehatan Provinsi Jawa Timur,2024-OFFICIAL
3527,Kabupaten Sampang,2024,Q3,rawat_jalan,Diabetes Melitus Tipe 2,E11,840,tidak_menular,Dinas Kesehatan Provinsi Jawa Timur,2024-OFFICIAL
3527,Kabupaten Sampang,2024,Q3,rawat_inap,Pneumonia,J18,280,menular,Dinas Kesehatan Provinsi Jawa Timur,2024-OFFICIAL
3527,Kabupaten Sampang,2024,Q3,rawat_jalan,Demam Tifoid,A01,481,menular,Dinas Kesehatan Provinsi Jawa Timur,2024-OFFICIAL
3527,Kabupaten Sampang,2024,Q3,rawat_inap,Penyakit Jantung Iskemik,I25,352,tidak_menular,Dinas Kesehatan Provinsi Jawa Timur,2024-OFFICIAL
3527,Kabupaten Sampang,2024,Q3,rawat_jalan,Gastritis dan Duodenitis,K29,496,tidak_menular,Dinas Kesehatan Provinsi Jawa Timur,2024-OFFICIAL
3527,Kabupaten Sampang,2024,Q4,rawat_jalan,Infeksi Saluran Pernapasan Akut (ISPA),J06,1430,menular,Dinas Kesehatan Provinsi Jawa Timur,2024-OFFICIAL
3527,Kabupaten Sampang,2024,Q4,rawat_inap,Demam Berdarah Dengue (DBD),A90,230,menular,Dinas Kesehatan Provinsi Jawa Timur,2024-OFFICIAL
3527,Kabupaten Sampang,2024,Q4,rawat_inap,Tuberkulosis Paru (TB),A15,103,menular,Dinas Kesehatan Provinsi Jawa Timur,2024-OFFICIAL
3527,Kabupaten Sampang,2024,Q4,rawat_jalan,Diare dan Gastroenteritis,A09,747,menular,Dinas Kesehatan Provinsi Jawa Timur,2024-OFFICIAL
3527,Kabupaten Sampang,2024,Q4,rawat_jalan,Hipertensi Esensial,I10,1543,tidak_menular,Dinas Kesehatan Provinsi Jawa Timur,2024-OFFICIAL
3527,Kabupaten Sampang,2024,Q4,rawat_jalan,Diabetes Melitus Tipe 2,E11,1063,tidak_menular,Dinas Kesehatan Provinsi Jawa Timur,2024-OFFICIAL
3527,Kabupaten Sampang,2024,Q4,rawat_inap,Pneumonia,J18,240,menular,Dinas Kesehatan Provinsi Jawa Timur,2024-OFFICIAL
3527,Kabupaten Sampang,2024,Q4,rawat_jalan,Demam Tifoid,A01,215,menular,Dinas Kesehatan Provinsi Jawa Timur,2024-OFFICIAL
3527,Kabupaten Sampang,2024,Q4,rawat_inap,Penyakit Jantung Iskemik,I25,389,tidak_menular,Dinas Kesehatan Provinsi Jawa Timur,2024-OFFICIAL
3527,Kabupaten Sampang,2024,Q4,rawat_jalan,Gastritis dan Duodenitis,K29,482,tidak_menular,Dinas Kesehatan Provinsi Jawa Timur,2024-OFFICIAL
3528,Kabupaten Pamekasan,2024,Q1,rawat_jalan,Infeksi Saluran Pernapasan Akut (ISPA),J06,1264,menular,Dinas Kesehatan Provinsi Jawa Timur,2024-OFFICIAL
3528,Kabupaten Pamekasan,2024,Q1,rawat_inap,Demam Berdarah Dengue (DBD),A90,273,menular,Dinas Kesehatan Provinsi Jawa Timur,2024-OFFICIAL
3528,Kabupaten Pamekasan,2024,Q1,rawat_inap,Tuberkulosis Paru (TB),A15,376,menular,Dinas Kesehatan Provinsi Jawa Timur,2024-OFFICIAL
3528,Kabupaten Pamekasan,2024,Q1,rawat_jalan,Diare dan Gastroenteritis,A09,718,menular,Dinas Kesehatan Provinsi Jawa Timur,2024-OFFICIAL
3528,Kabupaten Pamekasan,2024,Q1,rawat_jalan,Hipertensi Esensial,I10,1121,tidak_menular,Dinas Kesehatan Provinsi Jawa Timur,2024-OFFICIAL
3528,Kabupaten Pamekasan,2024,Q1,rawat_jalan,Diabetes Melitus Tipe 2,E11,892,tidak_menular,Dinas Kesehatan Provinsi Jawa Timur,2024-OFFICIAL
3528,Kabupaten Pamekasan,2024,Q1,rawat_inap,Pneumonia,J18,271,menular,Dinas Kesehatan Provinsi Jawa Timur,2024-OFFICIAL
3528,Kabupaten Pamekasan,2024,Q1,rawat_jalan,Demam Tifoid,A01,198,menular,Dinas Kesehatan Provinsi Jawa Timur,2024-OFFICIAL
3528,Kabupaten Pamekasan,2024,Q1,rawat_inap,Penyakit Jantung Iskemik,I25,322,tidak_menular,Dinas Kesehatan Provinsi Jawa Timur,2024-OFFICIAL
3528,Kabupaten Pamekasan,2024,Q1,rawat_jalan,Gastritis dan Duodenitis,K29,756,tidak_menular,Dinas Kesehatan Provinsi Jawa Timur,2024-OFFICIAL
3528,Kabupaten Pamekasan,2024,Q2,rawat_jalan,Infeksi Saluran Pernapasan Akut (ISPA),J06,1314,menular,Dinas Kesehatan Provinsi Jawa Timur,2024-OFFICIAL
3528,Kabupaten Pamekasan,2024,Q2,rawat_inap,Demam Berdarah Dengue (DBD),A90,190,menular,Dinas Kesehatan Provinsi Jawa Timur,2024-OFFICIAL
3528,Kabupaten Pamekasan,2024,Q2,rawat_inap,Tuberkulosis Paru (TB),A15,337,menular,Dinas Kesehatan Provinsi Jawa Timur,2024-OFFICIAL
3528,Kabupaten Pamekasan,2024,Q2,rawat_jalan,Diare dan Gastroenteritis,A09,365,menular,Dinas Kesehatan Provinsi Jawa Timur,2024-OFFICIAL
3528,Kabupaten Pamekasan,2024,Q2,rawat_jalan,Hipertensi Esensial,I10,1050,tidak_menular,Dinas Kesehatan Provinsi Jawa Timur,2024-OFFICIAL
3528,Kabupaten Pamekasan,2024,Q2,rawat_jalan,Diabetes Melitus Tipe 2,E11,1017,tidak_menular,Dinas Kesehatan Provinsi Jawa Timur,2024-OFFICIAL
3528,Kabupaten Pamekasan,2024,Q2,rawat_inap,Pneumonia,J18,239,menular,Dinas Kesehatan Provinsi Jawa Timur,2024-OFFICIAL
3528,Kabupaten Pamekasan,2024,Q2,rawat_jalan,Demam Tifoid,A01,285,menular,Dinas Kesehatan Provinsi Jawa Timur,2024-OFFICIAL
3528,Kabupaten Pamekasan,2024,Q2,rawat_inap,Penyakit Jantung Iskemik,I25,217,tidak_menular,Dinas Kesehatan Provinsi Jawa Timur,2024-OFFICIAL
3528,Kabupaten Pamekasan,2024,Q2,rawat_jalan,Gastritis dan Duodenitis,K29,448,tidak_menular,Dinas Kesehatan Provinsi Jawa Timur,2024-OFFICIAL
3528,Kabupaten Pamekasan,2024,Q3,rawat_jalan,Infeksi Saluran Pernapasan Akut (ISPA),J06,1696,menular,Dinas Kesehatan Provinsi Jawa Timur,2024-OFFICIAL
3528,Kabupaten Pamekasan,2024,Q3,rawat_inap,Demam Berdarah Dengue (DBD),A90,209,menular,Dinas Kesehatan Provinsi Jawa Timur,2024-OFFICIAL
3528,Kabupaten Pamekasan,2024,Q3,rawat_inap,Tuberkulosis Paru (TB),A15,142,menular,Dinas Kesehatan Provinsi Jawa Timur,2024-OFFICIAL
3528,Kabupaten Pamekasan,2024,Q3,rawat_jalan,Diare dan Gastroenteritis,A09,892,menular,Dinas Kesehatan Provinsi Jawa Timur,2024-OFFICIAL
3528,Kabupaten Pamekasan,2024,Q3,rawat_jalan,Hipertensi Esensial,I10,908,tidak_menular,Dinas Kesehatan Provinsi Jawa Timur,2024-OFFICIAL
3528,Kabupaten Pamekasan,2024,Q3,rawat_jalan,Diabetes Melitus Tipe 2,E11,930,tidak_menular,Dinas Kesehatan Provinsi Jawa Timur,2024-OFFICIAL
3528,Kabupaten Pamekasan,2024,Q3,rawat_inap,Pneumonia,J18,155,menular,Dinas Kesehatan Provinsi Jawa Timur,2024-OFFICIAL
3528,Kabupaten Pamekasan,2024,Q3,rawat_jalan,Demam Tifoid,A01,221,menular,Dinas Kesehatan Provinsi Jawa Timur,2024-OFFICIAL
3528,Kabupaten Pamekasan,2024,Q3,rawat_inap,Penyakit Jantung Iskemik,I25,335,tidak_menular,Dinas Kesehatan Provinsi Jawa Timur,2024-OFFICIAL
3528,Kabupaten Pamekasan,2024,Q3,rawat_jalan,Gastritis dan Duodenitis,K29,617,tidak_menular,Dinas Kesehatan Provinsi Jawa Timur,2024-OFFICIAL
3528,Kabupaten Pamekasan,2024,Q4,rawat_jalan,Infeksi Saluran Pernapasan Akut (ISPA),J06,959,menular,Dinas Kesehatan Provinsi Jawa Timur,2024-OFFICIAL
3528,Kabupaten Pamekasan,2024,Q4,rawat_inap,Demam Berdarah Dengue (DBD),A90,489,menular,Dinas Kesehatan Provinsi Jawa Timur,2024-OFFICIAL
3528,Kabupaten Pamekasan,2024,Q4,rawat_inap,Tuberkulosis Paru (TB),A15,372,menular,Dinas Kesehatan Provinsi Jawa Timur,2024-OFFICIAL
3528,Kabupaten Pamekasan,2024,Q4,rawat_jalan,Diare dan Gastroenteritis,A09,685,menular,Dinas Kesehatan Provinsi Jawa Timur,2024-OFFICIAL
3528,Kabupaten Pamekasan,2024,Q4,rawat_jalan,Hipertensi Esensial,I10,829,tidak_menular,Dinas Kesehatan Provinsi Jawa Timur,2024-OFFICIAL
3528,Kabupaten Pamekasan,2024,Q4,rawat_jalan,Diabetes Melitus Tipe 2,E11,431,tidak_menular,Dinas Kesehatan Provinsi Jawa Timur,2024-OFFICIAL
3528,Kabupaten Pamekasan,2024,Q4,rawat_inap,Pneumonia,J18,248,menular,Dinas Kesehatan Provinsi Jawa Timur,2024-OFFICIAL
3528,Kabupaten Pamekasan,2024,Q4,rawat_jalan,Demam Tifoid,A01,417,menular,Dinas Kesehatan Provinsi Jawa Timur,2024-OFFICIAL
3528,Kabupaten Pamekasan,2024,Q4,rawat_inap,Penyakit Jantung Iskemik,I25,355,tidak_menular,Dinas Kesehatan Provinsi Jawa Timur,2024-OFFICIAL
3528,Kabupaten Pamekasan,2024,Q4,rawat_jalan,Gastritis dan Duodenitis,K29,327,tidak_menular,Dinas Kesehatan Provinsi Jawa Timur,2024-OFFICIAL
3529,Kabupaten Sumenep,2024,Q1,rawat_jalan,Infeksi Saluran Pernapasan Akut (ISPA),J06,2050,menular,Dinas Kesehatan Provinsi Jawa Timur,2024-OFFICIAL
3529,Kabupaten Sumenep,2024,Q1,rawat_inap,Demam Berdarah Dengue (DBD),A90,614,menular,Dinas Kesehatan Provinsi Jawa Timur,2024-OFFICIAL
3529,Kabupaten Sumenep,2024,Q1,rawat_inap,Tuberkulosis Paru (TB),A15,499,menular,Dinas Kesehatan Provinsi Jawa Timur,2024-OFFICIAL
3529,Kabupaten Sumenep,2024,Q1,rawat_jalan,Diare dan Gastroenteritis,A09,575,menular,Dinas Kesehatan Provinsi Jawa Timur,2024-OFFICIAL
3529,Kabupaten Sumenep,2024,Q1,rawat_jalan,Hipertensi Esensial,I10,1157,tidak_menular,Dinas Kesehatan Provinsi Jawa Timur,2024-OFFICIAL
3529,Kabupaten Sumenep,2024,Q1,rawat_jalan,Diabetes Melitus Tipe 2,E11,937,tidak_menular,Dinas Kesehatan Provinsi Jawa Timur,2024-OFFICIAL
3529,Kabupaten Sumenep,2024,Q1,rawat_inap,Pneumonia,J18,146,menular,Dinas Kesehatan Provinsi Jawa Timur,2024-OFFICIAL
3529,Kabupaten Sumenep,2024,Q1,rawat_jalan,Demam Tifoid,A01,228,menular,Dinas Kesehatan Provinsi Jawa Timur,2024-OFFICIAL
3529,Kabupaten Sumenep,2024,Q1,rawat_inap,Penyakit Jantung Iskemik,I25,478,tidak_menular,Dinas Kesehatan Provinsi Jawa Timur,2024-OFFICIAL
3529,Kabupaten Sumenep,2024,Q1,rawat_jalan,Gastritis dan Duodenitis,K29,550,tidak_menular,Dinas Kesehatan Provinsi Jawa Timur,2024-OFFICIAL
3529,Kabupaten Sumenep,2024,Q2,rawat_jalan,Infeksi Saluran Pernapasan Akut (ISPA),J06,913,menular,Dinas Kesehatan Provinsi Jawa Timur,2024-OFFICIAL
3529,Kabupaten Sumenep,2024,Q2,rawat_inap,Demam Berdarah Dengue (DBD),A90,652,menular,Dinas Kesehatan Provinsi Jawa Timur,2024-OFFICIAL
3529,Kabupaten Sumenep,2024,Q2,rawat_inap,Tuberkulosis Paru (TB),A15,444,menular,Dinas Kesehatan Provinsi Jawa Timur,2024-OFFICIAL
3529,Kabupaten Sumenep,2024,Q2,rawat_jalan,Diare dan Gastroenteritis,A09,1046,menular,Dinas Kesehatan Provinsi Jawa Timur,2024-OFFICIAL
3529,Kabupaten Sumenep,2024,Q2,rawat_jalan,Hipertensi Esensial,I10,1722,tidak_menular,Dinas Kesehatan Provinsi Jawa Timur,2024-OFFICIAL
3529,Kabupaten Sumenep,2024,Q2,rawat_jalan,Diabetes Melitus Tipe 2,E11,910,tidak_menular,Dinas Kesehatan Provinsi Jawa Timur,2024-OFFICIAL
3529,Kabupaten Sumenep,2024,Q2,rawat_inap,Pneumonia,J18,268,menular,Dinas Kesehatan Provinsi Jawa Timur,2024-OFFICIAL
3529,Kabupaten Sumenep,2024,Q2,rawat_jalan,Demam Tifoid,A01,350,menular,Dinas Kesehatan Provinsi Jawa Timur,2024-OFFICIAL
3529,Kabupaten Sumenep,2024,Q2,rawat_inap,Penyakit Jantung Iskemik,I25,330,tidak_menular,Dinas Kesehatan Provinsi Jawa Timur,2024-OFFICIAL
3529,Kabupaten Sumenep,2024,Q2,rawat_jalan,Gastritis dan Duodenitis,K29,675,tidak_menular,Dinas Kesehatan Provinsi Jawa Timur,2024-OFFICIAL
3529,Kabupaten Sumenep,2024,Q3,rawat_jalan,Infeksi Saluran Pernapasan Akut (ISPA),J06,2251,menular,Dinas Kesehatan Provinsi Jawa Timur,2024-OFFICIAL
3529,Kabupaten Sumenep,2024,Q3,rawat_inap,Demam Berdarah Dengue (DBD),A90,285,menular,Dinas Kesehatan Provinsi Jawa Timur,2024-OFFICIAL
3529,Kabupaten Sumenep,2024,Q3,rawat_inap,Tuberkulosis Paru (TB),A15,403,menular,Dinas Kesehatan Provinsi Jawa Timur,2024-OFFICIAL
3529,Kabupaten Sumenep,2024,Q3,rawat_jalan,Diare dan Gastroenteritis,A09,730,menular,Dinas Kesehatan Provinsi Jawa Timur,2024-OFFICIAL
3529,Kabupaten Sumenep,2024,Q3,rawat_jalan,Hipertensi Esensial,I10,1129,tidak_menular,Dinas Kesehatan Provinsi Jawa Timur,2024-OFFICIAL
3529,Kabupaten Sumenep,2024,Q3,rawat_jalan,Diabetes Melitus Tipe 2,E11,812,tidak_menular,Dinas Kesehatan Provinsi Jawa Timur,2024-OFFICIAL
3529,Kabupaten Sumenep,2024,Q3,rawat_inap,Pneumonia,J18,243,menular,Dinas Kesehatan Provinsi Jawa Timur,2024-OFFICIAL
3529,Kabupaten Sumenep,2024,Q3,rawat_jalan,Demam Tifoid,A01,351,menular,Dinas Kesehatan Provinsi Jawa Timur,2024-OFFICIAL
3529,Kabupaten Sumenep,2024,Q3,rawat_inap,Penyakit Jantung Iskemik,I25,253,tidak_menular,Dinas Kesehatan Provinsi Jawa Timur,2024-OFFICIAL
3529,Kabupaten Sumenep,2024,Q3,rawat_jalan,Gastritis dan Duodenitis,K29,604,tidak_menular,Dinas Kesehatan Provinsi Jawa Timur,2024-OFFICIAL
3529,Kabupaten Sumenep,2024,Q4,rawat_jalan,Infeksi Saluran Pernapasan Akut (ISPA),J06,1616,menular,Dinas Kesehatan Provinsi Jawa Timur,2024-OFFICIAL
3529,Kabupaten Sumenep,2024,Q4,rawat_inap,Demam Berdarah Dengue (DBD),A90,324,menular,Dinas Kesehatan Provinsi Jawa Timur,2024-OFFICIAL
3529,Kabupaten Sumenep,2024,Q4,rawat_inap,Tuberkulosis Paru (TB),A15,476,menular,Dinas Kesehatan Provinsi Jawa Timur,2024-OFFICIAL
3529,Kabupaten Sumenep,2024,Q4,rawat_jalan,Diare dan Gastroenteritis,A09,826,menular,Dinas Kesehatan Provinsi Jawa Timur,2024-OFFICIAL
3529,Kabupaten Sumenep,2024,Q4,rawat_jalan,Hipertensi Esensial,I10,1031,tidak_menular,Dinas Kesehatan Provinsi Jawa Timur,2024-OFFICIAL
3529,Kabupaten Sumenep,2024,Q4,rawat_jalan,Diabetes Melitus Tipe 2,E11,1240,tidak_menular,Dinas Kesehatan Provinsi Jawa Timur,2024-OFFICIAL
3529,Kabupaten Sumenep,2024,Q4,rawat_inap,Pneumonia,J18,203,menular,Dinas Kesehatan Provinsi Jawa Timur,2024-OFFICIAL
3529,Kabupaten Sumenep,2024,Q4,rawat_jalan,Demam Tifoid,A01,269,menular,Dinas Kesehatan Provinsi Jawa Timur,2024-OFFICIAL
3529,Kabupaten Sumenep,2024,Q4,rawat_inap,Penyakit Jantung Iskemik,I25,419,tidak_menular,Dinas Kesehatan Provinsi Jawa Timur,2024-OFFICIAL
3529,Kabupaten Sumenep,2024,Q4,rawat_jalan,Gastritis dan Duodenitis,K29,998,tidak_menular,Dinas Kesehatan Provinsi Jawa Timur,2024-OFFICIAL
3571,Kota Kediri,2024,Q1,rawat_jalan,Infeksi Saluran Pernapasan Akut (ISPA),J06,275,menular,Dinas Kesehatan Provinsi Jawa Timur,2024-OFFICIAL
3571,Kota Kediri,2024,Q1,rawat_inap,Demam Berdarah Dengue (DBD),A90,59,menular,Dinas Kesehatan Provinsi Jawa Timur,2024-OFFICIAL
3571,Kota Kediri,2024,Q1,rawat_inap,Tuberkulosis Paru (TB),A15,93,menular,Dinas Kesehatan Provinsi Jawa Timur,2024-OFFICIAL
3571,Kota Kediri,2024,Q1,rawat_jalan,Diare dan Gastroenteritis,A09,235,menular,Dinas Kesehatan Provinsi Jawa Timur,2024-OFFICIAL
3571,Kota Kediri,2024,Q1,rawat_jalan,Hipertensi Esensial,I10,450,tidak_menular,Dinas Kesehatan Provinsi Jawa Timur,2024-OFFICIAL
3571,Kota Kediri,2024,Q1,rawat_jalan,Diabetes Melitus Tipe 2,E11,131,tidak_menular,Dinas Kesehatan Provinsi Jawa Timur,2024-OFFICIAL
3571,Kota Kediri,2024,Q1,rawat_inap,Pneumonia,J18,71,menular,Dinas Kesehatan Provinsi Jawa Timur,2024-OFFICIAL
3571,Kota Kediri,2024,Q1,rawat_jalan,Demam Tifoid,A01,120,menular,Dinas Kesehatan Provinsi Jawa Timur,2024-OFFICIAL
3571,Kota Kediri,2024,Q1,rawat_inap,Penyakit Jantung Iskemik,I25,107,tidak_menular,Dinas Kesehatan Provinsi Jawa Timur,2024-OFFICIAL
3571,Kota Kediri,2024,Q1,rawat_jalan,Gastritis dan Duodenitis,K29,184,tidak_menular,Dinas Kesehatan Provinsi Jawa Timur,2024-OFFICIAL
3571,Kota Kediri,2024,Q2,rawat_jalan,Infeksi Saluran Pernapasan Akut (ISPA),J06,520,menular,Dinas Kesehatan Provinsi Jawa Timur,2024-OFFICIAL
3571,Kota Kediri,2024,Q2,rawat_inap,Demam Berdarah Dengue (DBD),A90,45,menular,Dinas Kesehatan Provinsi Jawa Timur,2024-OFFICIAL
3571,Kota Kediri,2024,Q2,rawat_inap,Tuberkulosis Paru (TB),A15,68,menular,Dinas Kesehatan Provinsi Jawa Timur,2024-OFFICIAL
3571,Kota Kediri,2024,Q2,rawat_jalan,Diare dan Gastroenteritis,A09,143,menular,Dinas Kesehatan Provinsi Jawa Timur,2024-OFFICIAL
3571,Kota Kediri,2024,Q2,rawat_jalan,Hipertensi Esensial,I10,479,tidak_menular,Dinas Kesehatan Provinsi Jawa Timur,2024-OFFICIAL
3571,Kota Kediri,2024,Q2,rawat_jalan,Diabetes Melitus Tipe 2,E11,246,tidak_menular,Dinas Kesehatan Provinsi Jawa Timur,2024-OFFICIAL
3571,Kota Kediri,2024,Q2,rawat_inap,Pneumonia,J18,71,menular,Dinas Kesehatan Provinsi Jawa Timur,2024-OFFICIAL
3571,Kota Kediri,2024,Q2,rawat_jalan,Demam Tifoid,A01,79,menular,Dinas Kesehatan Provinsi Jawa Timur,2024-OFFICIAL
3571,Kota Kediri,2024,Q2,rawat_inap,Penyakit Jantung Iskemik,I25,129,tidak_menular,Dinas Kesehatan Provinsi Jawa Timur,2024-OFFICIAL
3571,Kota Kediri,2024,Q2,rawat_jalan,Gastritis dan Duodenitis,K29,225,tidak_menular,Dinas Kesehatan Provinsi Jawa Timur,2024-OFFICIAL
3571,Kota Kediri,2024,Q3,rawat_jalan,Infeksi Saluran Pernapasan Akut (ISPA),J06,309,menular,Dinas Kesehatan Provinsi Jawa Timur,2024-OFFICIAL
3571,Kota Kediri,2024,Q3,rawat_inap,Demam Berdarah Dengue (DBD),A90,152,menular,Dinas Kesehatan Provinsi Jawa Timur,2024-OFFICIAL
3571,Kota Kediri,2024,Q3,rawat_inap,Tuberkulosis Paru (TB),A15,84,menular,Dinas Kesehatan Provinsi Jawa Timur,2024-OFFICIAL
3571,Kota Kediri,2024,Q3,rawat_jalan,Diare dan Gastroenteritis,A09,251,menular,Dinas Kesehatan Provinsi Jawa Timur,2024-OFFICIAL
3571,Kota Kediri,2024,Q3,rawat_jalan,Hipertensi Esensial,I10,337,tidak_menular,Dinas Kesehatan Provinsi Jawa Timur,2024-OFFICIAL
3571,Kota Kediri,2024,Q3,rawat_jalan,Diabetes Melitus Tipe 2,E11,276,tidak_menular,Dinas Kesehatan Provinsi Jawa Timur,2024-OFFICIAL
3571,Kota Kediri,2024,Q3,rawat_inap,Pneumonia,J18,45,menular,Dinas Kesehatan Provinsi Jawa Timur,2024-OFFICIAL
3571,Kota Kediri,2024,Q3,rawat_jalan,Demam Tifoid,A01,133,menular,Dinas Kesehatan Provinsi Jawa Timur,2024-OFFICIAL
3571,Kota Kediri,2024,Q3,rawat_inap,Penyakit Jantung Iskemik,I25,63,tidak_menular,Dinas Kesehatan Provinsi Jawa Timur,2024-OFFICIAL
3571,Kota Kediri,2024,Q3,rawat_jalan,Gastritis dan Duodenitis,K29,158,tidak_menular,Dinas Kesehatan Provinsi Jawa Timur,2024-OFFICIAL
3571,Kota Kediri,2024,Q4,rawat_jalan,Infeksi Saluran Pernapasan Akut (ISPA),J06,445,menular,Dinas Kesehatan Provinsi Jawa Timur,2024-OFFICIAL
3571,Kota Kediri,2024,Q4,rawat_inap,Demam Berdarah Dengue (DBD),A90,88,menular,Dinas Kesehatan Provinsi Jawa Timur,2024-OFFICIAL
3571,Kota Kediri,2024,Q4,rawat_inap,Tuberkulosis Paru (TB),A15,93,menular,Dinas Kesehatan Provinsi Jawa Timur,2024-OFFICIAL
3571,Kota Kediri,2024,Q4,rawat_jalan,Diare dan Gastroenteritis,A09,189,menular,Dinas Kesehatan Provinsi Jawa Timur,2024-OFFICIAL
3571,Kota Kediri,2024,Q4,rawat_jalan,Hipertensi Esensial,I10,504,tidak_menular,Dinas Kesehatan Provinsi Jawa Timur,2024-OFFICIAL
3571,Kota Kediri,2024,Q4,rawat_jalan,Diabetes Melitus Tipe 2,E11,136,tidak_menular,Dinas Kesehatan Provinsi Jawa Timur,2024-OFFICIAL
3571,Kota Kediri,2024,Q4,rawat_inap,Pneumonia,J18,92,menular,Dinas Kesehatan Provinsi Jawa Timur,2024-OFFICIAL
3571,Kota Kediri,2024,Q4,rawat_jalan,Demam Tifoid,A01,73,menular,Dinas Kesehatan Provinsi Jawa Timur,2024-OFFICIAL
3571,Kota Kediri,2024,Q4,rawat_inap,Penyakit Jantung Iskemik,I25,55,tidak_menular,Dinas Kesehatan Provinsi Jawa Timur,2024-OFFICIAL
3571,Kota Kediri,2024,Q4,rawat_jalan,Gastritis dan Duodenitis,K29,257,tidak_menular,Dinas Kesehatan Provinsi Jawa Timur,2024-OFFICIAL
3572,Kota Blitar,2024,Q1,rawat_jalan,Infeksi Saluran Pernapasan Akut (ISPA),J06,161,menular,Dinas Kesehatan Provinsi Jawa Timur,2024-OFFICIAL
3572,Kota Blitar,2024,Q1,rawat_inap,Demam Berdarah Dengue (DBD),A90,66,menular,Dinas Kesehatan Provinsi Jawa Timur,2024-OFFICIAL
3572,Kota Blitar,2024,Q1,rawat_inap,Tuberkulosis Paru (TB),A15,56,menular,Dinas Kesehatan Provinsi Jawa Timur,2024-OFFICIAL
3572,Kota Blitar,2024,Q1,rawat_jalan,Diare dan Gastroenteritis,A09,157,menular,Dinas Kesehatan Provinsi Jawa Timur,2024-OFFICIAL
3572,Kota Blitar,2024,Q1,rawat_jalan,Hipertensi Esensial,I10,154,tidak_menular,Dinas Kesehatan Provinsi Jawa Timur,2024-OFFICIAL
3572,Kota Blitar,2024,Q1,rawat_jalan,Diabetes Melitus Tipe 2,E11,89,tidak_menular,Dinas Kesehatan Provinsi Jawa Timur,2024-OFFICIAL
3572,Kota Blitar,2024,Q1,rawat_inap,Pneumonia,J18,28,menular,Dinas Kesehatan Provinsi Jawa Timur,2024-OFFICIAL
3572,Kota Blitar,2024,Q1,rawat_jalan,Demam Tifoid,A01,41,menular,Dinas Kesehatan Provinsi Jawa Timur,2024-OFFICIAL
3572,Kota Blitar,2024,Q1,rawat_inap,Penyakit Jantung Iskemik,I25,38,tidak_menular,Dinas Kesehatan Provinsi Jawa Timur,2024-OFFICIAL
3572,Kota Blitar,2024,Q1,rawat_jalan,Gastritis dan Duodenitis,K29,117,tidak_menular,Dinas Kesehatan Provinsi Jawa Timur,2024-OFFICIAL
3572,Kota Blitar,2024,Q2,rawat_jalan,Infeksi Saluran Pernapasan Akut (ISPA),J06,193,menular,Dinas Kesehatan Provinsi Jawa Timur,2024-OFFICIAL
3572,Kota Blitar,2024,Q2,rawat_inap,Demam Berdarah Dengue (DBD),A90,66,menular,Dinas Kesehatan Provinsi Jawa Timur,2024-OFFICIAL
3572,Kota Blitar,2024,Q2,rawat_inap,Tuberkulosis Paru (TB),A15,44,menular,Dinas Kesehatan Provinsi Jawa Timur,2024-OFFICIAL
3572,Kota Blitar,2024,Q2,rawat_jalan,Diare dan Gastroenteritis,A09,117,menular,Dinas Kesehatan Provinsi Jawa Timur,2024-OFFICIAL
3572,Kota Blitar,2024,Q2,rawat_jalan,Hipertensi Esensial,I10,243,tidak_menular,Dinas Kesehatan Provinsi Jawa Timur,2024-OFFICIAL
3572,Kota Blitar,2024,Q2,rawat_jalan,Diabetes Melitus Tipe 2,E11,162,tidak_menular,Dinas Kesehatan Provinsi Jawa Timur,2024-OFFICIAL
3572,Kota Blitar,2024,Q2,rawat_inap,Pneumonia,J18,32,menular,Dinas Kesehatan Provinsi Jawa Timur,2024-OFFICIAL
3572,Kota Blitar,2024,Q2,rawat_jalan,Demam Tifoid,A01,44,menular,Dinas Kesehatan Provinsi Jawa Timur,2024-OFFICIAL
3572,Kota Blitar,2024,Q2,rawat_inap,Penyakit Jantung Iskemik,I25,64,tidak_menular,Dinas Kesehatan Provinsi Jawa Timur,2024-OFFICIAL
3572,Kota Blitar,2024,Q2,rawat_jalan,Gastritis dan Duodenitis,K29,126,tidak_menular,Dinas Kesehatan Provinsi Jawa Timur,2024-OFFICIAL
3572,Kota Blitar,2024,Q3,rawat_jalan,Infeksi Saluran Pernapasan Akut (ISPA),J06,170,menular,Dinas Kesehatan Provinsi Jawa Timur,2024-OFFICIAL
3572,Kota Blitar,2024,Q3,rawat_inap,Demam Berdarah Dengue (DBD),A90,49,menular,Dinas Kesehatan Provinsi Jawa Timur,2024-OFFICIAL
3572,Kota Blitar,2024,Q3,rawat_inap,Tuberkulosis Paru (TB),A15,45,menular,Dinas Kesehatan Provinsi Jawa Timur,2024-OFFICIAL
3572,Kota Blitar,2024,Q3,rawat_jalan,Diare dan Gastroenteritis,A09,96,menular,Dinas Kesehatan Provinsi Jawa Timur,2024-OFFICIAL
3572,Kota Blitar,2024,Q3,rawat_jalan,Hipertensi Esensial,I10,214,tidak_menular,Dinas Kesehatan Provinsi Jawa Timur,2024-OFFICIAL
3572,Kota Blitar,2024,Q3,rawat_jalan,Diabetes Melitus Tipe 2,E11,140,tidak_menular,Dinas Kesehatan Provinsi Jawa Timur,2024-OFFICIAL
3572,Kota Blitar,2024,Q3,rawat_inap,Pneumonia,J18,21,menular,Dinas Kesehatan Provinsi Jawa Timur,2024-OFFICIAL
3572,Kota Blitar,2024,Q3,rawat_jalan,Demam Tifoid,A01,65,menular,Dinas Kesehatan Provinsi Jawa Timur,2024-OFFICIAL
3572,Kota Blitar,2024,Q3,rawat_inap,Penyakit Jantung Iskemik,I25,61,tidak_menular,Dinas Kesehatan Provinsi Jawa Timur,2024-OFFICIAL
3572,Kota Blitar,2024,Q3,rawat_jalan,Gastritis dan Duodenitis,K29,112,tidak_menular,Dinas Kesehatan Provinsi Jawa Timur,2024-OFFICIAL
3572,Kota Blitar,2024,Q4,rawat_jalan,Infeksi Saluran Pernapasan Akut (ISPA),J06,136,menular,Dinas Kesehatan Provinsi Jawa Timur,2024-OFFICIAL
3572,Kota Blitar,2024,Q4,rawat_inap,Demam Berdarah Dengue (DBD),A90,45,menular,Dinas Kesehatan Provinsi Jawa Timur,2024-OFFICIAL
3572,Kota Blitar,2024,Q4,rawat_inap,Tuberkulosis Paru (TB),A15,58,menular,Dinas Kesehatan Provinsi Jawa Timur,2024-OFFICIAL
3572,Kota Blitar,2024,Q4,rawat_jalan,Diare dan Gastroenteritis,A09,148,menular,Dinas Kesehatan Provinsi Jawa Timur,2024-OFFICIAL
3572,Kota Blitar,2024,Q4,rawat_jalan,Hipertensi Esensial,I10,134,tidak_menular,Dinas Kesehatan Provinsi Jawa Timur,2024-OFFICIAL
3572,Kota Blitar,2024,Q4,rawat_jalan,Diabetes Melitus Tipe 2,E11,163,tidak_menular,Dinas Kesehatan Provinsi Jawa Timur,2024-OFFICIAL
3572,Kota Blitar,2024,Q4,rawat_inap,Pneumonia,J18,18,menular,Dinas Kesehatan Provinsi Jawa Timur,2024-OFFICIAL
3572,Kota Blitar,2024,Q4,rawat_jalan,Demam Tifoid,A01,32,menular,Dinas Kesehatan Provinsi Jawa Timur,2024-OFFICIAL
3572,Kota Blitar,2024,Q4,rawat_inap,Penyakit Jantung Iskemik,I25,37,tidak_menular,Dinas Kesehatan Provinsi Jawa Timur,2024-OFFICIAL
3572,Kota Blitar,2024,Q4,rawat_jalan,Gastritis dan Duodenitis,K29,79,tidak_menular,Dinas Kesehatan Provinsi Jawa Timur,2024-OFFICIAL
3573,Kota Malang,2024,Q1,rawat_jalan,Infeksi Saluran Pernapasan Akut (ISPA),J06,777,menular,Dinas Kesehatan Provinsi Jawa Timur,2024-OFFICIAL
3573,Kota Malang,2024,Q1,rawat_inap,Demam Berdarah Dengue (DBD),A90,331,menular,Dinas Kesehatan Provinsi Jawa Timur,2024-OFFICIAL
3573,Kota Malang,2024,Q1,rawat_inap,Tuberkulosis Paru (TB),A15,249,menular,Dinas Kesehatan Provinsi Jawa Timur,2024-OFFICIAL
3573,Kota Malang,2024,Q1,rawat_jalan,Diare dan Gastroenteritis,A09,666,menular,Dinas Kesehatan Provinsi Jawa Timur,2024-OFFICIAL
3573,Kota Malang,2024,Q1,rawat_jalan,Hipertensi Esensial,I10,1264,tidak_menular,Dinas Kesehatan Provinsi Jawa Timur,2024-OFFICIAL
3573,Kota Malang,2024,Q1,rawat_jalan,Diabetes Melitus Tipe 2,E11,648,tidak_menular,Dinas Kesehatan Provinsi Jawa Timur,2024-OFFICIAL
3573,Kota Malang,2024,Q1,rawat_inap,Pneumonia,J18,248,menular,Dinas Kesehatan Provinsi Jawa Timur,2024-OFFICIAL
3573,Kota Malang,2024,Q1,rawat_jalan,Demam Tifoid,A01,391,menular,Dinas Kesehatan Provinsi Jawa Timur,2024-OFFICIAL
3573,Kota Malang,2024,Q1,rawat_inap,Penyakit Jantung Iskemik,I25,183,tidak_menular,Dinas Kesehatan Provinsi Jawa Timur,2024-OFFICIAL
3573,Kota Malang,2024,Q1,rawat_jalan,Gastritis dan Duodenitis,K29,401,tidak_menular,Dinas Kesehatan Provinsi Jawa Timur,2024-OFFICIAL
3573,Kota Malang,2024,Q2,rawat_jalan,Infeksi Saluran Pernapasan Akut (ISPA),J06,707,menular,Dinas Kesehatan Provinsi Jawa Timur,2024-OFFICIAL
3573,Kota Malang,2024,Q2,rawat_inap,Demam Berdarah Dengue (DBD),A90,403,menular,Dinas Kesehatan Provinsi Jawa Timur,2024-OFFICIAL
3573,Kota Malang,2024,Q2,rawat_inap,Tuberkulosis Paru (TB),A15,142,menular,Dinas Kesehatan Provinsi Jawa Timur,2024-OFFICIAL
3573,Kota Malang,2024,Q2,rawat_jalan,Diare dan Gastroenteritis,A09,377,menular,Dinas Kesehatan Provinsi Jawa Timur,2024-OFFICIAL
3573,Kota Malang,2024,Q2,rawat_jalan,Hipertensi Esensial,I10,834,tidak_menular,Dinas Kesehatan Provinsi Jawa Timur,2024-OFFICIAL
3573,Kota Malang,2024,Q2,rawat_jalan,Diabetes Melitus Tipe 2,E11,849,tidak_menular,Dinas Kesehatan Provinsi Jawa Timur,2024-OFFICIAL
3573,Kota Malang,2024,Q2,rawat_inap,Pneumonia,J18,192,menular,Dinas Kesehatan Provinsi Jawa Timur,2024-OFFICIAL
3573,Kota Malang,2024,Q2,rawat_jalan,Demam Tifoid,A01,193,menular,Dinas Kesehatan Provinsi Jawa Timur,2024-OFFICIAL
3573,Kota Malang,2024,Q2,rawat_inap,Penyakit Jantung Iskemik,I25,331,tidak_menular,Dinas Kesehatan Provinsi Jawa Timur,2024-OFFICIAL
3573,Kota Malang,2024,Q2,rawat_jalan,Gastritis dan Duodenitis,K29,308,tidak_menular,Dinas Kesehatan Provinsi Jawa Timur,2024-OFFICIAL
3573,Kota Malang,2024,Q3,rawat_jalan,Infeksi Saluran Pernapasan Akut (ISPA),J06,740,menular,Dinas Kesehatan Provinsi Jawa Timur,2024-OFFICIAL
3573,Kota Malang,2024,Q3,rawat_inap,Demam Berdarah Dengue (DBD),A90,352,menular,Dinas Kesehatan Provinsi Jawa Timur,2024-OFFICIAL
3573,Kota Malang,2024,Q3,rawat_inap,Tuberkulosis Paru (TB),A15,310,menular,Dinas Kesehatan Provinsi Jawa Timur,2024-OFFICIAL
3573,Kota Malang,2024,Q3,rawat_jalan,Diare dan Gastroenteritis,A09,810,menular,Dinas Kesehatan Provinsi Jawa Timur,2024-OFFICIAL
3573,Kota Malang,2024,Q3,rawat_jalan,Hipertensi Esensial,I10,1375,tidak_menular,Dinas Kesehatan Provinsi Jawa Timur,2024-OFFICIAL
3573,Kota Malang,2024,Q3,rawat_jalan,Diabetes Melitus Tipe 2,E11,819,tidak_menular,Dinas Kesehatan Provinsi Jawa Timur,2024-OFFICIAL
3573,Kota Malang,2024,Q3,rawat_inap,Pneumonia,J18,170,menular,Dinas Kesehatan Provinsi Jawa Timur,2024-OFFICIAL
3573,Kota Malang,2024,Q3,rawat_jalan,Demam Tifoid,A01,308,menular,Dinas Kesehatan Provinsi Jawa Timur,2024-OFFICIAL
3573,Kota Malang,2024,Q3,rawat_inap,Penyakit Jantung Iskemik,I25,312,tidak_menular,Dinas Kesehatan Provinsi Jawa Timur,2024-OFFICIAL
3573,Kota Malang,2024,Q3,rawat_jalan,Gastritis dan Duodenitis,K29,341,tidak_menular,Dinas Kesehatan Provinsi Jawa Timur,2024-OFFICIAL
3573,Kota Malang,2024,Q4,rawat_jalan,Infeksi Saluran Pernapasan Akut (ISPA),J06,1515,menular,Dinas Kesehatan Provinsi Jawa Timur,2024-OFFICIAL
3573,Kota Malang,2024,Q4,rawat_inap,Demam Berdarah Dengue (DBD),A90,381,menular,Dinas Kesehatan Provinsi Jawa Timur,2024-OFFICIAL
3573,Kota Malang,2024,Q4,rawat_inap,Tuberkulosis Paru (TB),A15,190,menular,Dinas Kesehatan Provinsi Jawa Timur,2024-OFFICIAL
3573,Kota Malang,2024,Q4,rawat_jalan,Diare dan Gastroenteritis,A09,893,menular,Dinas Kesehatan Provinsi Jawa Timur,2024-OFFICIAL
3573,Kota Malang,2024,Q4,rawat_jalan,Hipertensi Esensial,I10,1399,tidak_menular,Dinas Kesehatan Provinsi Jawa Timur,2024-OFFICIAL
3573,Kota Malang,2024,Q4,rawat_jalan,Diabetes Melitus Tipe 2,E11,911,tidak_menular,Dinas Kesehatan Provinsi Jawa Timur,2024-OFFICIAL
3573,Kota Malang,2024,Q4,rawat_inap,Pneumonia,J18,236,menular,Dinas Kesehatan Provinsi Jawa Timur,2024-OFFICIAL
3573,Kota Malang,2024,Q4,rawat_jalan,Demam Tifoid,A01,337,menular,Dinas Kesehatan Provinsi Jawa Timur,2024-OFFICIAL
3573,Kota Malang,2024,Q4,rawat_inap,Penyakit Jantung Iskemik,I25,322,tidak_menular,Dinas Kesehatan Provinsi Jawa Timur,2024-OFFICIAL
3573,Kota Malang,2024,Q4,rawat_jalan,Gastritis dan Duodenitis,K29,716,tidak_menular,Dinas Kesehatan Provinsi Jawa Timur,2024-OFFICIAL
3574,Kota Probolinggo,2024,Q1,rawat_jalan,Infeksi Saluran Pernapasan Akut (ISPA),J06,297,menular,Dinas Kesehatan Provinsi Jawa Timur,2024-OFFICIAL
3574,Kota Probolinggo,2024,Q1,rawat_inap,Demam Berdarah Dengue (DBD),A90,51,menular,Dinas Kesehatan Provinsi Jawa Timur,2024-OFFICIAL
3574,Kota Probolinggo,2024,Q1,rawat_inap,Tuberkulosis Paru (TB),A15,38,menular,Dinas Kesehatan Provinsi Jawa Timur,2024-OFFICIAL
3574,Kota Probolinggo,2024,Q1,rawat_jalan,Diare dan Gastroenteritis,A09,243,menular,Dinas Kesehatan Provinsi Jawa Timur,2024-OFFICIAL
3574,Kota Probolinggo,2024,Q1,rawat_jalan,Hipertensi Esensial,I10,252,tidak_menular,Dinas Kesehatan Provinsi Jawa Timur,2024-OFFICIAL
3574,Kota Probolinggo,2024,Q1,rawat_jalan,Diabetes Melitus Tipe 2,E11,261,tidak_menular,Dinas Kesehatan Provinsi Jawa Timur,2024-OFFICIAL
3574,Kota Probolinggo,2024,Q1,rawat_inap,Pneumonia,J18,83,menular,Dinas Kesehatan Provinsi Jawa Timur,2024-OFFICIAL
3574,Kota Probolinggo,2024,Q1,rawat_jalan,Demam Tifoid,A01,72,menular,Dinas Kesehatan Provinsi Jawa Timur,2024-OFFICIAL
3574,Kota Probolinggo,2024,Q1,rawat_inap,Penyakit Jantung Iskemik,I25,63,tidak_menular,Dinas Kesehatan Provinsi Jawa Timur,2024-OFFICIAL
3574,Kota Probolinggo,2024,Q1,rawat_jalan,Gastritis dan Duodenitis,K29,100,tidak_menular,Dinas Kesehatan Provinsi Jawa Timur,2024-OFFICIAL
3574,Kota Probolinggo,2024,Q2,rawat_jalan,Infeksi Saluran Pernapasan Akut (ISPA),J06,347,menular,Dinas Kesehatan Provinsi Jawa Timur,2024-OFFICIAL
3574,Kota Probolinggo,2024,Q2,rawat_inap,Demam Berdarah Dengue (DBD),A90,56,menular,Dinas Kesehatan Provinsi Jawa Timur,2024-OFFICIAL
3574,Kota Probolinggo,2024,Q2,rawat_inap,Tuberkulosis Paru (TB),A15,93,menular,Dinas Kesehatan Provinsi Jawa Timur,2024-OFFICIAL
3574,Kota Probolinggo,2024,Q2,rawat_jalan,Diare dan Gastroenteritis,A09,105,menular,Dinas Kesehatan Provinsi Jawa Timur,2024-OFFICIAL
3574,Kota Probolinggo,2024,Q2,rawat_jalan,Hipertensi Esensial,I10,337,tidak_menular,Dinas Kesehatan Provinsi Jawa Timur,2024-OFFICIAL
3574,Kota Probolinggo,2024,Q2,rawat_jalan,Diabetes Melitus Tipe 2,E11,150,tidak_menular,Dinas Kesehatan Provinsi Jawa Timur,2024-OFFICIAL
3574,Kota Probolinggo,2024,Q2,rawat_inap,Pneumonia,J18,81,menular,Dinas Kesehatan Provinsi Jawa Timur,2024-OFFICIAL
3574,Kota Probolinggo,2024,Q2,rawat_jalan,Demam Tifoid,A01,70,menular,Dinas Kesehatan Provinsi Jawa Timur,2024-OFFICIAL
3574,Kota Probolinggo,2024,Q2,rawat_inap,Penyakit Jantung Iskemik,I25,70,tidak_menular,Dinas Kesehatan Provinsi Jawa Timur,2024-OFFICIAL
3574,Kota Probolinggo,2024,Q2,rawat_jalan,Gastritis dan Duodenitis,K29,125,tidak_menular,Dinas Kesehatan Provinsi Jawa Timur,2024-OFFICIAL
3574,Kota Probolinggo,2024,Q3,rawat_jalan,Infeksi Saluran Pernapasan Akut (ISPA),J06,392,menular,Dinas Kesehatan Provinsi Jawa Timur,2024-OFFICIAL
3574,Kota Probolinggo,2024,Q3,rawat_inap,Demam Berdarah Dengue (DBD),A90,78,menular,Dinas Kesehatan Provinsi Jawa Timur,2024-OFFICIAL
3574,Kota Probolinggo,2024,Q3,rawat_inap,Tuberkulosis Paru (TB),A15,74,menular,Dinas Kesehatan Provinsi Jawa Timur,2024-OFFICIAL
3574,Kota Probolinggo,2024,Q3,rawat_jalan,Diare dan Gastroenteritis,A09,143,menular,Dinas Kesehatan Provinsi Jawa Timur,2024-OFFICIAL
3574,Kota Probolinggo,2024,Q3,rawat_jalan,Hipertensi Esensial,I10,219,tidak_menular,Dinas Kesehatan Provinsi Jawa Timur,2024-OFFICIAL
3574,Kota Probolinggo,2024,Q3,rawat_jalan,Diabetes Melitus Tipe 2,E11,228,tidak_menular,Dinas Kesehatan Provinsi Jawa Timur,2024-OFFICIAL
3574,Kota Probolinggo,2024,Q3,rawat_inap,Pneumonia,J18,81,menular,Dinas Kesehatan Provinsi Jawa Timur,2024-OFFICIAL
3574,Kota Probolinggo,2024,Q3,rawat_jalan,Demam Tifoid,A01,114,menular,Dinas Kesehatan Provinsi Jawa Timur,2024-OFFICIAL
3574,Kota Probolinggo,2024,Q3,rawat_inap,Penyakit Jantung Iskemik,I25,76,tidak_menular,Dinas Kesehatan Provinsi Jawa Timur,2024-OFFICIAL
3574,Kota Probolinggo,2024,Q3,rawat_jalan,Gastritis dan Duodenitis,K29,100,tidak_menular,Dinas Kesehatan Provinsi Jawa Timur,2024-OFFICIAL
3574,Kota Probolinggo,2024,Q4,rawat_jalan,Infeksi Saluran Pernapasan Akut (ISPA),J06,374,menular,Dinas Kesehatan Provinsi Jawa Timur,2024-OFFICIAL
3574,Kota Probolinggo,2024,Q4,rawat_inap,Demam Berdarah Dengue (DBD),A90,136,menular,Dinas Kesehatan Provinsi Jawa Timur,2024-OFFICIAL
3574,Kota Probolinggo,2024,Q4,rawat_inap,Tuberkulosis Paru (TB),A15,48,menular,Dinas Kesehatan Provinsi Jawa Timur,2024-OFFICIAL
3574,Kota Probolinggo,2024,Q4,rawat_jalan,Diare dan Gastroenteritis,A09,154,menular,Dinas Kesehatan Provinsi Jawa Timur,2024-OFFICIAL
3574,Kota Probolinggo,2024,Q4,rawat_jalan,Hipertensi Esensial,I10,352,tidak_menular,Dinas Kesehatan Provinsi Jawa Timur,2024-OFFICIAL
3574,Kota Probolinggo,2024,Q4,rawat_jalan,Diabetes Melitus Tipe 2,E11,277,tidak_menular,Dinas Kesehatan Provinsi Jawa Timur,2024-OFFICIAL
3574,Kota Probolinggo,2024,Q4,rawat_inap,Pneumonia,J18,79,menular,Dinas Kesehatan Provinsi Jawa Timur,2024-OFFICIAL
3574,Kota Probolinggo,2024,Q4,rawat_jalan,Demam Tifoid,A01,96,menular,Dinas Kesehatan Provinsi Jawa Timur,2024-OFFICIAL
3574,Kota Probolinggo,2024,Q4,rawat_inap,Penyakit Jantung Iskemik,I25,43,tidak_menular,Dinas Kesehatan Provinsi Jawa Timur,2024-OFFICIAL
3574,Kota Probolinggo,2024,Q4,rawat_jalan,Gastritis dan Duodenitis,K29,191,tidak_menular,Dinas Kesehatan Provinsi Jawa Timur,2024-OFFICIAL
3575,Kota Pasuruan,2024,Q1,rawat_jalan,Infeksi Saluran Pernapasan Akut (ISPA),J06,246,menular,Dinas Kesehatan Provinsi Jawa Timur,2024-OFFICIAL
3575,Kota Pasuruan,2024,Q1,rawat_inap,Demam Berdarah Dengue (DBD),A90,71,menular,Dinas Kesehatan Provinsi Jawa Timur,2024-OFFICIAL
3575,Kota Pasuruan,2024,Q1,rawat_inap,Tuberkulosis Paru (TB),A15,60,menular,Dinas Kesehatan Provinsi Jawa Timur,2024-OFFICIAL
3575,Kota Pasuruan,2024,Q1,rawat_jalan,Diare dan Gastroenteritis,A09,106,menular,Dinas Kesehatan Provinsi Jawa Timur,2024-OFFICIAL
3575,Kota Pasuruan,2024,Q1,rawat_jalan,Hipertensi Esensial,I10,196,tidak_menular,Dinas Kesehatan Provinsi Jawa Timur,2024-OFFICIAL
3575,Kota Pasuruan,2024,Q1,rawat_jalan,Diabetes Melitus Tipe 2,E11,151,tidak_menular,Dinas Kesehatan Provinsi Jawa Timur,2024-OFFICIAL
3575,Kota Pasuruan,2024,Q1,rawat_inap,Pneumonia,J18,70,menular,Dinas Kesehatan Provinsi Jawa Timur,2024-OFFICIAL
3575,Kota Pasuruan,2024,Q1,rawat_jalan,Demam Tifoid,A01,58,menular,Dinas Kesehatan Provinsi Jawa Timur,2024-OFFICIAL
3575,Kota Pasuruan,2024,Q1,rawat_inap,Penyakit Jantung Iskemik,I25,82,tidak_menular,Dinas Kesehatan Provinsi Jawa Timur,2024-OFFICIAL
3575,Kota Pasuruan,2024,Q1,rawat_jalan,Gastritis dan Duodenitis,K29,107,tidak_menular,Dinas Kesehatan Provinsi Jawa Timur,2024-OFFICIAL
3575,Kota Pasuruan,2024,Q2,rawat_jalan,Infeksi Saluran Pernapasan Akut (ISPA),J06,188,menular,Dinas Kesehatan Provinsi Jawa Timur,2024-OFFICIAL
3575,Kota Pasuruan,2024,Q2,rawat_inap,Demam Berdarah Dengue (DBD),A90,55,menular,Dinas Kesehatan Provinsi Jawa Timur,2024-OFFICIAL
3575,Kota Pasuruan,2024,Q2,rawat_inap,Tuberkulosis Paru (TB),A15,46,menular,Dinas Kesehatan Provinsi Jawa Timur,2024-OFFICIAL
3575,Kota Pasuruan,2024,Q2,rawat_jalan,Diare dan Gastroenteritis,A09,157,menular,Dinas Kesehatan Provinsi Jawa Timur,2024-OFFICIAL
3575,Kota Pasuruan,2024,Q2,rawat_jalan,Hipertensi Esensial,I10,279,tidak_menular,Dinas Kesehatan Provinsi Jawa Timur,2024-OFFICIAL
3575,Kota Pasuruan,2024,Q2,rawat_jalan,Diabetes Melitus Tipe 2,E11,197,tidak_menular,Dinas Kesehatan Provinsi Jawa Timur,2024-OFFICIAL
3575,Kota Pasuruan,2024,Q2,rawat_inap,Pneumonia,J18,52,menular,Dinas Kesehatan Provinsi Jawa Timur,2024-OFFICIAL
3575,Kota Pasuruan,2024,Q2,rawat_jalan,Demam Tifoid,A01,69,menular,Dinas Kesehatan Provinsi Jawa Timur,2024-OFFICIAL
3575,Kota Pasuruan,2024,Q2,rawat_inap,Penyakit Jantung Iskemik,I25,57,tidak_menular,Dinas Kesehatan Provinsi Jawa Timur,2024-OFFICIAL
3575,Kota Pasuruan,2024,Q2,rawat_jalan,Gastritis dan Duodenitis,K29,138,tidak_menular,Dinas Kesehatan Provinsi Jawa Timur,2024-OFFICIAL
3575,Kota Pasuruan,2024,Q3,rawat_jalan,Infeksi Saluran Pernapasan Akut (ISPA),J06,225,menular,Dinas Kesehatan Provinsi Jawa Timur,2024-OFFICIAL
3575,Kota Pasuruan,2024,Q3,rawat_inap,Demam Berdarah Dengue (DBD),A90,69,menular,Dinas Kesehatan Provinsi Jawa Timur,2024-OFFICIAL
3575,Kota Pasuruan,2024,Q3,rawat_inap,Tuberkulosis Paru (TB),A15,89,menular,Dinas Kesehatan Provinsi Jawa Timur,2024-OFFICIAL
3575,Kota Pasuruan,2024,Q3,rawat_jalan,Diare dan Gastroenteritis,A09,152,menular,Dinas Kesehatan Provinsi Jawa Timur,2024-OFFICIAL
3575,Kota Pasuruan,2024,Q3,rawat_jalan,Hipertensi Esensial,I10,163,tidak_menular,Dinas Kesehatan Provinsi Jawa Timur,2024-OFFICIAL
3575,Kota Pasuruan,2024,Q3,rawat_jalan,Diabetes Melitus Tipe 2,E11,194,tidak_menular,Dinas Kesehatan Provinsi Jawa Timur,2024-OFFICIAL
3575,Kota Pasuruan,2024,Q3,rawat_inap,Pneumonia,J18,35,menular,Dinas Kesehatan Provinsi Jawa Timur,2024-OFFICIAL
3575,Kota Pasuruan,2024,Q3,rawat_jalan,Demam Tifoid,A01,60,menular,Dinas Kesehatan Provinsi Jawa Timur,2024-OFFICIAL
3575,Kota Pasuruan,2024,Q3,rawat_inap,Penyakit Jantung Iskemik,I25,67,tidak_menular,Dinas Kesehatan Provinsi Jawa Timur,2024-OFFICIAL
3575,Kota Pasuruan,2024,Q3,rawat_jalan,Gastritis dan Duodenitis,K29,104,tidak_menular,Dinas Kesehatan Provinsi Jawa Timur,2024-OFFICIAL
3575,Kota Pasuruan,2024,Q4,rawat_jalan,Infeksi Saluran Pernapasan Akut (ISPA),J06,413,menular,Dinas Kesehatan Provinsi Jawa Timur,2024-OFFICIAL
3575,Kota Pasuruan,2024,Q4,rawat_inap,Demam Berdarah Dengue (DBD),A90,122,menular,Dinas Kesehatan Provinsi Jawa Timur,2024-OFFICIAL
3575,Kota Pasuruan,2024,Q4,rawat_inap,Tuberkulosis Paru (TB),A15,89,menular,Dinas Kesehatan Provinsi Jawa Timur,2024-OFFICIAL
3575,Kota Pasuruan,2024,Q4,rawat_jalan,Diare dan Gastroenteritis,A09,93,menular,Dinas Kesehatan Provinsi Jawa Timur,2024-OFFICIAL
3575,Kota Pasuruan,2024,Q4,rawat_jalan,Hipertensi Esensial,I10,199,tidak_menular,Dinas Kesehatan Provinsi Jawa Timur,2024-OFFICIAL
3575,Kota Pasuruan,2024,Q4,rawat_jalan,Diabetes Melitus Tipe 2,E11,145,tidak_menular,Dinas Kesehatan Provinsi Jawa Timur,2024-OFFICIAL
3575,Kota Pasuruan,2024,Q4,rawat_inap,Pneumonia,J18,56,menular,Dinas Kesehatan Provinsi Jawa Timur,2024-OFFICIAL
3575,Kota Pasuruan,2024,Q4,rawat_jalan,Demam Tifoid,A01,51,menular,Dinas Kesehatan Provinsi Jawa Timur,2024-OFFICIAL
3575,Kota Pasuruan,2024,Q4,rawat_inap,Penyakit Jantung Iskemik,I25,93,tidak_menular,Dinas Kesehatan Provinsi Jawa Timur,2024-OFFICIAL
3575,Kota Pasuruan,2024,Q4,rawat_jalan,Gastritis dan Duodenitis,K29,119,tidak_menular,Dinas Kesehatan Provinsi Jawa Timur,2024-OFFICIAL
3576,Kota Mojokerto,2024,Q1,rawat_jalan,Infeksi Saluran Pernapasan Akut (ISPA),J06,140,menular,Dinas Kesehatan Provinsi Jawa Timur,2024-OFFICIAL
3576,Kota Mojokerto,2024,Q1,rawat_inap,Demam Berdarah Dengue (DBD),A90,49,menular,Dinas Kesehatan Provinsi Jawa Timur,2024-OFFICIAL
3576,Kota Mojokerto,2024,Q1,rawat_inap,Tuberkulosis Paru (TB),A15,54,menular,Dinas Kesehatan Provinsi Jawa Timur,2024-OFFICIAL
3576,Kota Mojokerto,2024,Q1,rawat_jalan,Diare dan Gastroenteritis,A09,120,menular,Dinas Kesehatan Provinsi Jawa Timur,2024-OFFICIAL
3576,Kota Mojokerto,2024,Q1,rawat_jalan,Hipertensi Esensial,I10,194,tidak_menular,Dinas Kesehatan Provinsi Jawa Timur,2024-OFFICIAL
3576,Kota Mojokerto,2024,Q1,rawat_jalan,Diabetes Melitus Tipe 2,E11,92,tidak_menular,Dinas Kesehatan Provinsi Jawa Timur,2024-OFFICIAL
3576,Kota Mojokerto,2024,Q1,rawat_inap,Pneumonia,J18,37,menular,Dinas Kesehatan Provinsi Jawa Timur,2024-OFFICIAL
3576,Kota Mojokerto,2024,Q1,rawat_jalan,Demam Tifoid,A01,48,menular,Dinas Kesehatan Provinsi Jawa Timur,2024-OFFICIAL
3576,Kota Mojokerto,2024,Q1,rawat_inap,Penyakit Jantung Iskemik,I25,24,tidak_menular,Dinas Kesehatan Provinsi Jawa Timur,2024-OFFICIAL
3576,Kota Mojokerto,2024,Q1,rawat_jalan,Gastritis dan Duodenitis,K29,114,tidak_menular,Dinas Kesehatan Provinsi Jawa Timur,2024-OFFICIAL
3576,Kota Mojokerto,2024,Q2,rawat_jalan,Infeksi Saluran Pernapasan Akut (ISPA),J06,155,menular,Dinas Kesehatan Provinsi Jawa Timur,2024-OFFICIAL
3576,Kota Mojokerto,2024,Q2,rawat_inap,Demam Berdarah Dengue (DBD),A90,49,menular,Dinas Kesehatan Provinsi Jawa Timur,2024-OFFICIAL
3576,Kota Mojokerto,2024,Q2,rawat_inap,Tuberkulosis Paru (TB),A15,48,menular,Dinas Kesehatan Provinsi Jawa Timur,2024-OFFICIAL
3576,Kota Mojokerto,2024,Q2,rawat_jalan,Diare dan Gastroenteritis,A09,130,menular,Dinas Kesehatan Provinsi Jawa Timur,2024-OFFICIAL
3576,Kota Mojokerto,2024,Q2,rawat_jalan,Hipertensi Esensial,I10,163,tidak_menular,Dinas Kesehatan Provinsi Jawa Timur,2024-OFFICIAL
3576,Kota Mojokerto,2024,Q2,rawat_jalan,Diabetes Melitus Tipe 2,E11,94,tidak_menular,Dinas Kesehatan Provinsi Jawa Timur,2024-OFFICIAL
3576,Kota Mojokerto,2024,Q2,rawat_inap,Pneumonia,J18,29,menular,Dinas Kesehatan Provinsi Jawa Timur,2024-OFFICIAL
3576,Kota Mojokerto,2024,Q2,rawat_jalan,Demam Tifoid,A01,34,menular,Dinas Kesehatan Provinsi Jawa Timur,2024-OFFICIAL
3576,Kota Mojokerto,2024,Q2,rawat_inap,Penyakit Jantung Iskemik,I25,58,tidak_menular,Dinas Kesehatan Provinsi Jawa Timur,2024-OFFICIAL
3576,Kota Mojokerto,2024,Q2,rawat_jalan,Gastritis dan Duodenitis,K29,87,tidak_menular,Dinas Kesehatan Provinsi Jawa Timur,2024-OFFICIAL
3576,Kota Mojokerto,2024,Q3,rawat_jalan,Infeksi Saluran Pernapasan Akut (ISPA),J06,217,menular,Dinas Kesehatan Provinsi Jawa Timur,2024-OFFICIAL
3576,Kota Mojokerto,2024,Q3,rawat_inap,Demam Berdarah Dengue (DBD),A90,70,menular,Dinas Kesehatan Provinsi Jawa Timur,2024-OFFICIAL
3576,Kota Mojokerto,2024,Q3,rawat_inap,Tuberkulosis Paru (TB),A15,45,menular,Dinas Kesehatan Provinsi Jawa Timur,2024-OFFICIAL
3576,Kota Mojokerto,2024,Q3,rawat_jalan,Diare dan Gastroenteritis,A09,98,menular,Dinas Kesehatan Provinsi Jawa Timur,2024-OFFICIAL
3576,Kota Mojokerto,2024,Q3,rawat_jalan,Hipertensi Esensial,I10,214,tidak_menular,Dinas Kesehatan Provinsi Jawa Timur,2024-OFFICIAL
3576,Kota Mojokerto,2024,Q3,rawat_jalan,Diabetes Melitus Tipe 2,E11,138,tidak_menular,Dinas Kesehatan Provinsi Jawa Timur,2024-OFFICIAL
3576,Kota Mojokerto,2024,Q3,rawat_inap,Pneumonia,J18,39,menular,Dinas Kesehatan Provinsi Jawa Timur,2024-OFFICIAL
3576,Kota Mojokerto,2024,Q3,rawat_jalan,Demam Tifoid,A01,36,menular,Dinas Kesehatan Provinsi Jawa Timur,2024-OFFICIAL
3576,Kota Mojokerto,2024,Q3,rawat_inap,Penyakit Jantung Iskemik,I25,45,tidak_menular,Dinas Kesehatan Provinsi Jawa Timur,2024-OFFICIAL
3576,Kota Mojokerto,2024,Q3,rawat_jalan,Gastritis dan Duodenitis,K29,107,tidak_menular,Dinas Kesehatan Provinsi Jawa Timur,2024-OFFICIAL
3576,Kota Mojokerto,2024,Q4,rawat_jalan,Infeksi Saluran Pernapasan Akut (ISPA),J06,266,menular,Dinas Kesehatan Provinsi Jawa Timur,2024-OFFICIAL
3576,Kota Mojokerto,2024,Q4,rawat_inap,Demam Berdarah Dengue (DBD),A90,59,menular,Dinas Kesehatan Provinsi Jawa Timur,2024-OFFICIAL
3576,Kota Mojokerto,2024,Q4,rawat_inap,Tuberkulosis Paru (TB),A15,51,menular,Dinas Kesehatan Provinsi Jawa Timur,2024-OFFICIAL
3576,Kota Mojokerto,2024,Q4,rawat_jalan,Diare dan Gastroenteritis,A09,135,menular,Dinas Kesehatan Provinsi Jawa Timur,2024-OFFICIAL
3576,Kota Mojokerto,2024,Q4,rawat_jalan,Hipertensi Esensial,I10,177,tidak_menular,Dinas Kesehatan Provinsi Jawa Timur,2024-OFFICIAL
3576,Kota Mojokerto,2024,Q4,rawat_jalan,Diabetes Melitus Tipe 2,E11,75,tidak_menular,Dinas Kesehatan Provinsi Jawa Timur,2024-OFFICIAL
3576,Kota Mojokerto,2024,Q4,rawat_inap,Pneumonia,J18,19,menular,Dinas Kesehatan Provinsi Jawa Timur,2024-OFFICIAL
3576,Kota Mojokerto,2024,Q4,rawat_jalan,Demam Tifoid,A01,61,menular,Dinas Kesehatan Provinsi Jawa Timur,2024-OFFICIAL
3576,Kota Mojokerto,2024,Q4,rawat_inap,Penyakit Jantung Iskemik,I25,54,tidak_menular,Dinas Kesehatan Provinsi Jawa Timur,2024-OFFICIAL
3576,Kota Mojokerto,2024,Q4,rawat_jalan,Gastritis dan Duodenitis,K29,108,tidak_menular,Dinas Kesehatan Provinsi Jawa Timur,2024-OFFICIAL
3577,Kota Madiun,2024,Q1,rawat_jalan,Infeksi Saluran Pernapasan Akut (ISPA),J06,344,menular,Dinas Kesehatan Provinsi Jawa Timur,2024-OFFICIAL
3577,Kota Madiun,2024,Q1,rawat_inap,Demam Berdarah Dengue (DBD),A90,59,menular,Dinas Kesehatan Provinsi Jawa Timur,2024-OFFICIAL
3577,Kota Madiun,2024,Q1,rawat_inap,Tuberkulosis Paru (TB),A15,77,menular,Dinas Kesehatan Provinsi Jawa Timur,2024-OFFICIAL
3577,Kota Madiun,2024,Q1,rawat_jalan,Diare dan Gastroenteritis,A09,165,menular,Dinas Kesehatan Provinsi Jawa Timur,2024-OFFICIAL
3577,Kota Madiun,2024,Q1,rawat_jalan,Hipertensi Esensial,I10,267,tidak_menular,Dinas Kesehatan Provinsi Jawa Timur,2024-OFFICIAL
3577,Kota Madiun,2024,Q1,rawat_jalan,Diabetes Melitus Tipe 2,E11,149,tidak_menular,Dinas Kesehatan Provinsi Jawa Timur,2024-OFFICIAL
3577,Kota Madiun,2024,Q1,rawat_inap,Pneumonia,J18,33,menular,Dinas Kesehatan Provinsi Jawa Timur,2024-OFFICIAL
3577,Kota Madiun,2024,Q1,rawat_jalan,Demam Tifoid,A01,97,menular,Dinas Kesehatan Provinsi Jawa Timur,2024-OFFICIAL
3577,Kota Madiun,2024,Q1,rawat_inap,Penyakit Jantung Iskemik,I25,86,tidak_menular,Dinas Kesehatan Provinsi Jawa Timur,2024-OFFICIAL
3577,Kota Madiun,2024,Q1,rawat_jalan,Gastritis dan Duodenitis,K29,151,tidak_menular,Dinas Kesehatan Provinsi Jawa Timur,2024-OFFICIAL
3577,Kota Madiun,2024,Q2,rawat_jalan,Infeksi Saluran Pernapasan Akut (ISPA),J06,266,menular,Dinas Kesehatan Provinsi Jawa Timur,2024-OFFICIAL
3577,Kota Madiun,2024,Q2,rawat_inap,Demam Berdarah Dengue (DBD),A90,66,menular,Dinas Kesehatan Provinsi Jawa Timur,2024-OFFICIAL
3577,Kota Madiun,2024,Q2,rawat_inap,Tuberkulosis Paru (TB),A15,30,menular,Dinas Kesehatan Provinsi Jawa Timur,2024-OFFICIAL
3577,Kota Madiun,2024,Q2,rawat_jalan,Diare dan Gastroenteritis,A09,140,menular,Dinas Kesehatan Provinsi Jawa Timur,2024-OFFICIAL
3577,Kota Madiun,2024,Q2,rawat_jalan,Hipertensi Esensial,I10,297,tidak_menular,Dinas Kesehatan Provinsi Jawa Timur,2024-OFFICIAL
3577,Kota Madiun,2024,Q2,rawat_jalan,Diabetes Melitus Tipe 2,E11,196,tidak_menular,Dinas Kesehatan Provinsi Jawa Timur,2024-OFFICIAL
3577,Kota Madiun,2024,Q2,rawat_inap,Pneumonia,J18,36,menular,Dinas Kesehatan Provinsi Jawa Timur,2024-OFFICIAL
3577,Kota Madiun,2024,Q2,rawat_jalan,Demam Tifoid,A01,83,menular,Dinas Kesehatan Provinsi Jawa Timur,2024-OFFICIAL
3577,Kota Madiun,2024,Q2,rawat_inap,Penyakit Jantung Iskemik,I25,81,tidak_menular,Dinas Kesehatan Provinsi Jawa Timur,2024-OFFICIAL
3577,Kota Madiun,2024,Q2,rawat_jalan,Gastritis dan Duodenitis,K29,157,tidak_menular,Dinas Kesehatan Provinsi Jawa Timur,2024-OFFICIAL
3577,Kota Madiun,2024,Q3,rawat_jalan,Infeksi Saluran Pernapasan Akut (ISPA),J06,365,menular,Dinas Kesehatan Provinsi Jawa Timur,2024-OFFICIAL
3577,Kota Madiun,2024,Q3,rawat_inap,Demam Berdarah Dengue (DBD),A90,58,menular,Dinas Kesehatan Provinsi Jawa Timur,2024-OFFICIAL
3577,Kota Madiun,2024,Q3,rawat_inap,Tuberkulosis Paru (TB),A15,87,menular,Dinas Kesehatan Provinsi Jawa Timur,2024-OFFICIAL
3577,Kota Madiun,2024,Q3,rawat_jalan,Diare dan Gastroenteritis,A09,158,menular,Dinas Kesehatan Provinsi Jawa Timur,2024-OFFICIAL
3577,Kota Madiun,2024,Q3,rawat_jalan,Hipertensi Esensial,I10,173,tidak_menular,Dinas Kesehatan Provinsi Jawa Timur,2024-OFFICIAL
3577,Kota Madiun,2024,Q3,rawat_jalan,Diabetes Melitus Tipe 2,E11,173,tidak_menular,Dinas Kesehatan Provinsi Jawa Timur,2024-OFFICIAL
3577,Kota Madiun,2024,Q3,rawat_inap,Pneumonia,J18,60,menular,Dinas Kesehatan Provinsi Jawa Timur,2024-OFFICIAL
3577,Kota Madiun,2024,Q3,rawat_jalan,Demam Tifoid,A01,74,menular,Dinas Kesehatan Provinsi Jawa Timur,2024-OFFICIAL
3577,Kota Madiun,2024,Q3,rawat_inap,Penyakit Jantung Iskemik,I25,41,tidak_menular,Dinas Kesehatan Provinsi Jawa Timur,2024-OFFICIAL
3577,Kota Madiun,2024,Q3,rawat_jalan,Gastritis dan Duodenitis,K29,88,tidak_menular,Dinas Kesehatan Provinsi Jawa Timur,2024-OFFICIAL
3577,Kota Madiun,2024,Q4,rawat_jalan,Infeksi Saluran Pernapasan Akut (ISPA),J06,298,menular,Dinas Kesehatan Provinsi Jawa Timur,2024-OFFICIAL
3577,Kota Madiun,2024,Q4,rawat_inap,Demam Berdarah Dengue (DBD),A90,114,menular,Dinas Kesehatan Provinsi Jawa Timur,2024-OFFICIAL
3577,Kota Madiun,2024,Q4,rawat_inap,Tuberkulosis Paru (TB),A15,31,menular,Dinas Kesehatan Provinsi Jawa Timur,2024-OFFICIAL
3577,Kota Madiun,2024,Q4,rawat_jalan,Diare dan Gastroenteritis,A09,194,menular,Dinas Kesehatan Provinsi Jawa Timur,2024-OFFICIAL
3577,Kota Madiun,2024,Q4,rawat_jalan,Hipertensi Esensial,I10,242,tidak_menular,Dinas Kesehatan Provinsi Jawa Timur,2024-OFFICIAL
3577,Kota Madiun,2024,Q4,rawat_jalan,Diabetes Melitus Tipe 2,E11,138,tidak_menular,Dinas Kesehatan Provinsi Jawa Timur,2024-OFFICIAL
3577,Kota Madiun,2024,Q4,rawat_inap,Pneumonia,J18,38,menular,Dinas Kesehatan Provinsi Jawa Timur,2024-OFFICIAL
3577,Kota Madiun,2024,Q4,rawat_jalan,Demam Tifoid,A01,47,menular,Dinas Kesehatan Provinsi Jawa Timur,2024-OFFICIAL
3577,Kota Madiun,2024,Q4,rawat_inap,Penyakit Jantung Iskemik,I25,40,tidak_menular,Dinas Kesehatan Provinsi Jawa Timur,2024-OFFICIAL
3577,Kota Madiun,2024,Q4,rawat_jalan,Gastritis dan Duodenitis,K29,99,tidak_menular,Dinas Kesehatan Provinsi Jawa Timur,2024-OFFICIAL
3578,Kota Surabaya,2024,Q1,rawat_jalan,Infeksi Saluran Pernapasan Akut (ISPA),J06,2720,menular,Dinas Kesehatan Provinsi Jawa Timur,2024-OFFICIAL
3578,Kota Surabaya,2024,Q1,rawat_inap,Demam Berdarah Dengue (DBD),A90,719,menular,Dinas Kesehatan Provinsi Jawa Timur,2024-OFFICIAL
3578,Kota Surabaya,2024,Q1,rawat_inap,Tuberkulosis Paru (TB),A15,1244,menular,Dinas Kesehatan Provinsi Jawa Timur,2024-OFFICIAL
3578,Kota Surabaya,2024,Q1,rawat_jalan,Diare dan Gastroenteritis,A09,2882,menular,Dinas Kesehatan Provinsi Jawa Timur,2024-OFFICIAL
3578,Kota Surabaya,2024,Q1,rawat_jalan,Hipertensi Esensial,I10,2295,tidak_menular,Dinas Kesehatan Provinsi Jawa Timur,2024-OFFICIAL
3578,Kota Surabaya,2024,Q1,rawat_jalan,Diabetes Melitus Tipe 2,E11,2661,tidak_menular,Dinas Kesehatan Provinsi Jawa Timur,2024-OFFICIAL
3578,Kota Surabaya,2024,Q1,rawat_inap,Pneumonia,J18,982,menular,Dinas Kesehatan Provinsi Jawa Timur,2024-OFFICIAL
3578,Kota Surabaya,2024,Q1,rawat_jalan,Demam Tifoid,A01,1384,menular,Dinas Kesehatan Provinsi Jawa Timur,2024-OFFICIAL
3578,Kota Surabaya,2024,Q1,rawat_inap,Penyakit Jantung Iskemik,I25,1000,tidak_menular,Dinas Kesehatan Provinsi Jawa Timur,2024-OFFICIAL
3578,Kota Surabaya,2024,Q1,rawat_jalan,Gastritis dan Duodenitis,K29,1431,tidak_menular,Dinas Kesehatan Provinsi Jawa Timur,2024-OFFICIAL
3578,Kota Surabaya,2024,Q2,rawat_jalan,Infeksi Saluran Pernapasan Akut (ISPA),J06,2704,menular,Dinas Kesehatan Provinsi Jawa Timur,2024-OFFICIAL
3578,Kota Surabaya,2024,Q2,rawat_inap,Demam Berdarah Dengue (DBD),A90,786,menular,Dinas Kesehatan Provinsi Jawa Timur,2024-OFFICIAL
3578,Kota Surabaya,2024,Q2,rawat_inap,Tuberkulosis Paru (TB),A15,608,menular,Dinas Kesehatan Provinsi Jawa Timur,2024-OFFICIAL
3578,Kota Surabaya,2024,Q2,rawat_jalan,Diare dan Gastroenteritis,A09,3011,menular,Dinas Kesehatan Provinsi Jawa Timur,2024-OFFICIAL
3578,Kota Surabaya,2024,Q2,rawat_jalan,Hipertensi Esensial,I10,4610,tidak_menular,Dinas Kesehatan Provinsi Jawa Timur,2024-OFFICIAL
3578,Kota Surabaya,2024,Q2,rawat_jalan,Diabetes Melitus Tipe 2,E11,3216,tidak_menular,Dinas Kesehatan Provinsi Jawa Timur,2024-OFFICIAL
3578,Kota Surabaya,2024,Q2,rawat_inap,Pneumonia,J18,900,menular,Dinas Kesehatan Provinsi Jawa Timur,2024-OFFICIAL
3578,Kota Surabaya,2024,Q2,rawat_jalan,Demam Tifoid,A01,1000,menular,Dinas Kesehatan Provinsi Jawa Timur,2024-OFFICIAL
3578,Kota Surabaya,2024,Q2,rawat_inap,Penyakit Jantung Iskemik,I25,1270,tidak_menular,Dinas Kesehatan Provinsi Jawa Timur,2024-OFFICIAL
3578,Kota Surabaya,2024,Q2,rawat_jalan,Gastritis dan Duodenitis,K29,2183,tidak_menular,Dinas Kesehatan Provinsi Jawa Timur,2024-OFFICIAL
3578,Kota Surabaya,2024,Q3,rawat_jalan,Infeksi Saluran Pernapasan Akut (ISPA),J06,5239,menular,Dinas Kesehatan Provinsi Jawa Timur,2024-OFFICIAL
3578,Kota Surabaya,2024,Q3,rawat_inap,Demam Berdarah Dengue (DBD),A90,1660,menular,Dinas Kesehatan Provinsi Jawa Timur,2024-OFFICIAL
3578,Kota Surabaya,2024,Q3,rawat_inap,Tuberkulosis Paru (TB),A15,869,menular,Dinas Kesehatan Provinsi Jawa Timur,2024-OFFICIAL
3578,Kota Surabaya,2024,Q3,rawat_jalan,Diare dan Gastroenteritis,A09,3106,menular,Dinas Kesehatan Provinsi Jawa Timur,2024-OFFICIAL
3578,Kota Surabaya,2024,Q3,rawat_jalan,Hipertensi Esensial,I10,2664,tidak_menular,Dinas Kesehatan Provinsi Jawa Timur,2024-OFFICIAL
3578,Kota Surabaya,2024,Q3,rawat_jalan,Diabetes Melitus Tipe 2,E11,2954,tidak_menular,Dinas Kesehatan Provinsi Jawa Timur,2024-OFFICIAL
3578,Kota Surabaya,2024,Q3,rawat_inap,Pneumonia,J18,743,menular,Dinas Kesehatan Provinsi Jawa Timur,2024-OFFICIAL
3578,Kota Surabaya,2024,Q3,rawat_jalan,Demam Tifoid,A01,1229,menular,Dinas Kesehatan Provinsi Jawa Timur,2024-OFFICIAL
3578,Kota Surabaya,2024,Q3,rawat_inap,Penyakit Jantung Iskemik,I25,433,tidak_menular,Dinas Kesehatan Provinsi Jawa Timur,2024-OFFICIAL
3578,Kota Surabaya,2024,Q3,rawat_jalan,Gastritis dan Duodenitis,K29,2449,tidak_menular,Dinas Kesehatan Provinsi Jawa Timur,2024-OFFICIAL
3578,Kota Surabaya,2024,Q4,rawat_jalan,Infeksi Saluran Pernapasan Akut (ISPA),J06,3710,menular,Dinas Kesehatan Provinsi Jawa Timur,2024-OFFICIAL
3578,Kota Surabaya,2024,Q4,rawat_inap,Demam Berdarah Dengue (DBD),A90,895,menular,Dinas Kesehatan Provinsi Jawa Timur,2024-OFFICIAL
3578,Kota Surabaya,2024,Q4,rawat_inap,Tuberkulosis Paru (TB),A15,1183,menular,Dinas Kesehatan Provinsi Jawa Timur,2024-OFFICIAL
3578,Kota Surabaya,2024,Q4,rawat_jalan,Diare dan Gastroenteritis,A09,2704,menular,Dinas Kesehatan Provinsi Jawa Timur,2024-OFFICIAL
3578,Kota Surabaya,2024,Q4,rawat_jalan,Hipertensi Esensial,I10,4632,tidak_menular,Dinas Kesehatan Provinsi Jawa Timur,2024-OFFICIAL
3578,Kota Surabaya,2024,Q4,rawat_jalan,Diabetes Melitus Tipe 2,E11,2159,tidak_menular,Dinas Kesehatan Provinsi Jawa Timur,2024-OFFICIAL
3578,Kota Surabaya,2024,Q4,rawat_inap,Pneumonia,J18,628,menular,Dinas Kesehatan Provinsi Jawa Timur,2024-OFFICIAL
3578,Kota Surabaya,2024,Q4,rawat_jalan,Demam Tifoid,A01,793,menular,Dinas Kesehatan Provinsi Jawa Timur,2024-OFFICIAL
3578,Kota Surabaya,2024,Q4,rawat_inap,Penyakit Jantung Iskemik,I25,658,tidak_menular,Dinas Kesehatan Provinsi Jawa Timur,2024-OFFICIAL
3578,Kota Surabaya,2024,Q4,rawat_jalan,Gastritis dan Duodenitis,K29,2428,tidak_menular,Dinas Kesehatan Provinsi Jawa Timur,2024-OFFICIAL
3579,Kota Batu,2024,Q1,rawat_jalan,Infeksi Saluran Pernapasan Akut (ISPA),J06,370,menular,Dinas Kesehatan Provinsi Jawa Timur,2024-OFFICIAL
3579,Kota Batu,2024,Q1,rawat_inap,Demam Berdarah Dengue (DBD),A90,56,menular,Dinas Kesehatan Provinsi Jawa Timur,2024-OFFICIAL
3579,Kota Batu,2024,Q1,rawat_inap,Tuberkulosis Paru (TB),A15,29,menular,Dinas Kesehatan Provinsi Jawa Timur,2024-OFFICIAL
3579,Kota Batu,2024,Q1,rawat_jalan,Diare dan Gastroenteritis,A09,148,menular,Dinas Kesehatan Provinsi Jawa Timur,2024-OFFICIAL
3579,Kota Batu,2024,Q1,rawat_jalan,Hipertensi Esensial,I10,342,tidak_menular,Dinas Kesehatan Provinsi Jawa Timur,2024-OFFICIAL
3579,Kota Batu,2024,Q1,rawat_jalan,Diabetes Melitus Tipe 2,E11,174,tidak_menular,Dinas Kesehatan Provinsi Jawa Timur,2024-OFFICIAL
3579,Kota Batu,2024,Q1,rawat_inap,Pneumonia,J18,69,menular,Dinas Kesehatan Provinsi Jawa Timur,2024-OFFICIAL
3579,Kota Batu,2024,Q1,rawat_jalan,Demam Tifoid,A01,43,menular,Dinas Kesehatan Provinsi Jawa Timur,2024-OFFICIAL
3579,Kota Batu,2024,Q1,rawat_inap,Penyakit Jantung Iskemik,I25,82,tidak_menular,Dinas Kesehatan Provinsi Jawa Timur,2024-OFFICIAL
3579,Kota Batu,2024,Q1,rawat_jalan,Gastritis dan Duodenitis,K29,144,tidak_menular,Dinas Kesehatan Provinsi Jawa Timur,2024-OFFICIAL
3579,Kota Batu,2024,Q2,rawat_jalan,Infeksi Saluran Pernapasan Akut (ISPA),J06,292,menular,Dinas Kesehatan Provinsi Jawa Timur,2024-OFFICIAL
3579,Kota Batu,2024,Q2,rawat_inap,Demam Berdarah Dengue (DBD),A90,50,menular,Dinas Kesehatan Provinsi Jawa Timur,2024-OFFICIAL
3579,Kota Batu,2024,Q2,rawat_inap,Tuberkulosis Paru (TB),A15,34,menular,Dinas Kesehatan Provinsi Jawa Timur,2024-OFFICIAL
3579,Kota Batu,2024,Q2,rawat_jalan,Diare dan Gastroenteritis,A09,185,menular,Dinas Kesehatan Provinsi Jawa Timur,2024-OFFICIAL
3579,Kota Batu,2024,Q2,rawat_jalan,Hipertensi Esensial,I10,278,tidak_menular,Dinas Kesehatan Provinsi Jawa Timur,2024-OFFICIAL
3579,Kota Batu,2024,Q2,rawat_jalan,Diabetes Melitus Tipe 2,E11,173,tidak_menular,Dinas Kesehatan Provinsi Jawa Timur,2024-OFFICIAL
3579,Kota Batu,2024,Q2,rawat_inap,Pneumonia,J18,69,menular,Dinas Kesehatan Provinsi Jawa Timur,2024-OFFICIAL
3579,Kota Batu,2024,Q2,rawat_jalan,Demam Tifoid,A01,105,menular,Dinas Kesehatan Provinsi Jawa Timur,2024-OFFICIAL
3579,Kota Batu,2024,Q2,rawat_inap,Penyakit Jantung Iskemik,I25,70,tidak_menular,Dinas Kesehatan Provinsi Jawa Timur,2024-OFFICIAL
3579,Kota Batu,2024,Q2,rawat_jalan,Gastritis dan Duodenitis,K29,136,tidak_menular,Dinas Kesehatan Provinsi Jawa Timur,2024-OFFICIAL
3579,Kota Batu,2024,Q3,rawat_jalan,Infeksi Saluran Pernapasan Akut (ISPA),J06,221,menular,Dinas Kesehatan Provinsi Jawa Timur,2024-OFFICIAL
3579,Kota Batu,2024,Q3,rawat_inap,Demam Berdarah Dengue (DBD),A90,122,menular,Dinas Kesehatan Provinsi Jawa Timur,2024-OFFICIAL
3579,Kota Batu,2024,Q3,rawat_inap,Tuberkulosis Paru (TB),A15,61,menular,Dinas Kesehatan Provinsi Jawa Timur,2024-OFFICIAL
3579,Kota Batu,2024,Q3,rawat_jalan,Diare dan Gastroenteritis,A09,188,menular,Dinas Kesehatan Provinsi Jawa Timur,2024-OFFICIAL
3579,Kota Batu,2024,Q3,rawat_jalan,Hipertensi Esensial,I10,236,tidak_menular,Dinas Kesehatan Provinsi Jawa Timur,2024-OFFICIAL
3579,Kota Batu,2024,Q3,rawat_jalan,Diabetes Melitus Tipe 2,E11,140,tidak_menular,Dinas Kesehatan Provinsi Jawa Timur,2024-OFFICIAL
3579,Kota Batu,2024,Q3,rawat_inap,Pneumonia,J18,47,menular,Dinas Kesehatan Provinsi Jawa Timur,2024-OFFICIAL
3579,Kota Batu,2024,Q3,rawat_jalan,Demam Tifoid,A01,105,menular,Dinas Kesehatan Provinsi Jawa Timur,2024-OFFICIAL
3579,Kota Batu,2024,Q3,rawat_inap,Penyakit Jantung Iskemik,I25,70,tidak_menular,Dinas Kesehatan Provinsi Jawa Timur,2024-OFFICIAL
3579,Kota Batu,2024,Q3,rawat_jalan,Gastritis dan Duodenitis,K29,82,tidak_menular,Dinas Kesehatan Provinsi Jawa Timur,2024-OFFICIAL
3579,Kota Batu,2024,Q4,rawat_jalan,Infeksi Saluran Pernapasan Akut (ISPA),J06,243,menular,Dinas Kesehatan Provinsi Jawa Timur,2024-OFFICIAL
3579,Kota Batu,2024,Q4,rawat_inap,Demam Berdarah Dengue (DBD),A90,108,menular,Dinas Kesehatan Provinsi Jawa Timur,2024-OFFICIAL
3579,Kota Batu,2024,Q4,rawat_inap,Tuberkulosis Paru (TB),A15,91,menular,Dinas Kesehatan Provinsi Jawa Timur,2024-OFFICIAL
3579,Kota Batu,2024,Q4,rawat_jalan,Diare dan Gastroenteritis,A09,112,menular,Dinas Kesehatan Provinsi Jawa Timur,2024-OFFICIAL
3579,Kota Batu,2024,Q4,rawat_jalan,Hipertensi Esensial,I10,262,tidak_menular,Dinas Kesehatan Provinsi Jawa Timur,2024-OFFICIAL
3579,Kota Batu,2024,Q4,rawat_jalan,Diabetes Melitus Tipe 2,E11,113,tidak_menular,Dinas Kesehatan Provinsi Jawa Timur,2024-OFFICIAL
3579,Kota Batu,2024,Q4,rawat_inap,Pneumonia,J18,27,menular,Dinas Kesehatan Provinsi Jawa Timur,2024-OFFICIAL
3579,Kota Batu,2024,Q4,rawat_jalan,Demam Tifoid,A01,79,menular,Dinas Kesehatan Provinsi Jawa Timur,2024-OFFICIAL
3579,Kota Batu,2024,Q4,rawat_inap,Penyakit Jantung Iskemik,I25,84,tidak_menular,Dinas Kesehatan Provinsi Jawa Timur,2024-OFFICIAL
3579,Kota Batu,2024,Q4,rawat_jalan,Gastritis dan Duodenitis,K29,149,tidak_menular,Dinas Kesehatan Provinsi Jawa Timur,2024-OFFICIAL
